subject,session,trial,class,channel,artifact,peak_abs_uv,theta_baseline,theta_mi,beta_baseline,beta_mi,mu_baseline,mu_mi,theta_beta_baseline,theta_beta_mi,theta_beta_change_pct,mu_erd_pct,beta_erd_pct
A18,A18_R1_acquisition,1,RIGHT,C3,False,7.557131036563112,6.850009945407577e-13,3.3540736695382625e-13,1.7277860051947677e-12,1.9318636558715803e-12,2.370687829058384e-13,2.5498441311533636e-13,0.3964617102356607,0.17361855011579672,-56.20799042293488,-7.557144382275708,-11.811511961737855
A18,A18_R1_acquisition,1,RIGHT,Cz,False,7.557131036563112,2.7849829777490687e-13,9.956724603365391e-13,8.579901691984674e-13,6.109870800567783e-13,4.612682378972572e-13,3.2096864812515644e-13,0.3245938097811533,1.6296129539171476,402.04683663433394,30.41605257965997,28.78856868167136
A18,A18_R1_acquisition,1,RIGHT,C4,False,7.557131036563112,4.221795148721093e-13,3.253284422043395e-13,1.1288587571344984e-12,1.1911855553214356e-12,2.1617077730124455e-13,3.6854954820845253e-13,0.37398789902092994,0.2731131524815638,-26.972730081226704,-70.48999536827344,-5.521222012322242
A18,A18_R1_acquisition,2,LEFT,C3,False,8.872676893027268,2.3628395785877177e-13,3.035222355618326e-13,2.3486065940584736e-12,1.9884046216695618e-12,9.071514309502454e-13,4.387901462558799e-13,0.10060601824780918,0.1526461124934323,51.72662148047625,51.62988986345475,15.33683731026533
A18,A18_R1_acquisition,2,LEFT,Cz,False,8.872676893027268,6.358810418990136e-13,4.1581222405151206e-13,1.0239004044270342e-12,4.495679285206259e-13,3.2249358818570887e-13,5.459429369570774e-13,0.6210379829421466,0.9249152300961674,48.93054136792286,-69.28799732994833,56.09261149064588
A18,A18_R1_acquisition,2,LEFT,C4,False,8.872676893027268,4.863011082649009e-13,3.671780887004932e-13,9.794852493965604e-13,1.103852708028024e-12,8.517116774711896e-13,1.80077606195991e-13,0.496486403000454,0.3326332272685528,-33.00255047100481,78.85697578661149,-12.6972262939216
A18,A18_R1_acquisition,3,RIGHT,C3,False,8.310876769530422,7.024627083526878e-13,4.3196956134645925e-13,2.1436584455391354e-12,1.4556136368891362e-12,4.783170276214287e-13,1.2702781714468585e-12,0.32769339248726104,0.2967611393567614,-9.439388721181526,-165.57243378177193,32.0967554361
A18,A18_R1_acquisition,3,RIGHT,Cz,False,8.310876769530422,7.071283063446971e-13,8.888125313773909e-13,5.834154298822802e-13,5.120072843774263e-13,3.327061346082123e-13,5.418287329364482e-13,1.2120493736125204,1.7359372776466253,43.223313788996386,-62.85504731510112,12.239673798010866
A18,A18_R1_acquisition,3,RIGHT,C4,False,8.310876769530422,4.052212569188924e-13,4.596316175972748e-13,1.1758015967144653e-12,1.246414461409313e-12,2.1887465618714908e-13,2.0608547764578606e-12,0.34463404204518816,0.3687630654393822,7.001346486552323,-841.5684814123586,-6.005508488180384
A18,A18_R1_acquisition,4,LEFT,C3,False,8.647433854139498,2.521563617040685e-13,6.529727707799621e-13,4.093118488491298e-12,2.1760542467407984e-12,2.9747613919505716e-13,6.541877065553083e-13,0.061604950458449104,0.30007191767298863,387.0905916487655,-119.91266537392865,46.836275254204025
A18,A18_R1_acquisition,4,LEFT,Cz,False,8.647433854139498,4.483627573742085e-13,9.232160413876529e-13,6.252555826646035e-13,7.542160140143426e-13,4.492922568271509e-13,4.952295775939864e-13,0.7170871717185723,1.224073772278848,70.70083255641441,-10.224374016868085,-20.625234692053187
A18,A18_R1_acquisition,4,LEFT,C4,False,8.647433854139498,7.075927042416822e-13,8.585007538090884e-13,1.3545080843781573e-12,1.4565969787536296e-12,2.0439193832762506e-13,3.989974019549107e-13,0.5223982879116825,0.5893879819410885,12.82349034817882,-95.21190768069707,-7.5369719496610035
A18,A18_R1_acquisition,5,RIGHT,C3,False,11.405027447245583,4.768881251785841e-13,7.119772960160147e-13,2.5275173826732927e-12,1.795368695441009e-12,2.657975432556585e-12,1.2813713226653584e-12,0.1886784749524418,0.3965632785198623,110.17939572588756,51.79145348861009,28.967107892168407
A18,A18_R1_acquisition,5,RIGHT,Cz,False,11.405027447245583,3.166140721667984e-13,1.1507135634288817e-12,5.223936177802639e-13,5.863507216646019e-13,3.633267679036902e-13,4.379813094115911e-13,0.6060833467149608,1.9625004641626427,223.80042692141495,-20.54749280892239,-12.243086765895454
A18,A18_R1_acquisition,5,RIGHT,C4,False,11.405027447245583,4.799122367093305e-13,5.212198200447747e-13,1.6535921524267079e-12,1.2463007930752235e-12,1.0169281557823319e-12,4.2994373977764244e-12,0.29022406522977356,0.41821350266389123,44.10021523638539,-322.7867399805475,24.630702241406333
A18,A18_R1_acquisition,6,LEFT,C3,False,9.286712301518024,3.4526126391709353e-13,7.734165305365399e-13,1.610651309036406e-12,1.6791133116989406e-12,1.9332751492802184e-12,3.7918627405478806e-12,0.2143612723499109,0.46061008816253785,114.875608412449,-96.13673418186939,-4.2505787738435465
A18,A18_R1_acquisition,6,LEFT,Cz,False,9.286712301518024,6.649754249255974e-13,8.601457460488602e-13,6.172495578923451e-13,4.913686762096875e-13,3.960048207767397e-13,4.733546403022133e-13,1.0773202125834107,1.7505099280724197,62.487430164769854,-19.532544925528075,20.393839100102284
A18,A18_R1_acquisition,6,LEFT,C4,False,9.286712301518024,6.159606466747108e-13,7.205637648621926e-13,8.817161327699707e-13,1.01765228603162e-12,6.961030558065336e-13,6.961103675649302e-13,0.6985929187204831,0.7080648024405888,1.355851665008859,-0.001050384470463596,-15.417224230047454
A18,A18_R1_acquisition,7,RIGHT,C3,False,7.564146485948044,4.439077435491199e-13,3.716953905673294e-13,1.2268049269303667e-12,1.0499034263604453e-12,1.7396322156111584e-12,3.717231142969307e-13,0.36184052884417217,0.3540281717679828,-2.15906081641667,78.6320860834174,14.419692706366375
A18,A18_R1_acquisition,7,RIGHT,Cz,False,7.564146485948044,6.669546468932126e-13,9.641171020823612e-13,5.187591513165508e-13,5.322020077131079e-13,9.7354249407864e-13,4.865411957454702e-13,1.2856730241780965,1.8115623167699213,40.90381323260746,50.02363032895319,-2.5913482899416205
A18,A18_R1_acquisition,7,RIGHT,C4,False,7.564146485948044,3.7485700231521933e-13,3.80592839323554e-13,1.2752860780985457e-12,8.771853795250596e-13,5.522278162718927e-13,6.292665037721068e-13,0.2939395393338975,0.43387959741146276,47.60844981749864,-13.950526436771087,31.2165799823562
A18,A18_R1_acquisition,8,RIGHT,C3,False,7.573935788482699,4.615768516110598e-13,7.678260811264627e-13,2.7419362462074833e-12,1.1522453236165045e-12,3.5707543193451013e-12,4.360952175598748e-13,0.16833974613723826,0.6663737881066152,295.85053642848953,87.78702821425537,57.97694693995034
A18,A18_R1_acquisition,8,RIGHT,Cz,False,7.573935788482699,6.444747776295371e-13,2.586519734314678e-13,6.488562511013652e-13,3.4818019170196714e-13,3.944937983984246e-13,2.548880704628704e-13,0.9932473895960915,0.7428681458503731,-25.208145157827825,35.38857353457237,46.33939472557012
A18,A18_R1_acquisition,8,RIGHT,C4,False,7.573935788482699,7.372333582326433e-13,7.195584069377962e-13,1.0660473450075974e-12,1.0701288386293709e-12,1.1986669122866076e-12,6.245930097704062e-13,0.6915578015227731,0.6724035284007598,-2.7697284420530957,47.89269618038288,-0.38286232228685485
A18,A18_R1_acquisition,9,LEFT,C3,False,9.222748074855824,2.64774399374677e-13,6.816522240019533e-13,1.3856242847536634e-12,1.5430306462474187e-12,1.9214161262146383e-13,3.5929232903142117e-12,0.19108671974650665,0.44176194793000445,131.18401347620627,-1769.9350137091815,-11.359959783162942
A18,A18_R1_acquisition,9,LEFT,Cz,False,9.222748074855824,7.009372483486921e-13,3.225105130121627e-13,3.4800435473199703e-13,6.2905164638366e-13,4.3890738425594905e-13,8.053172653249462e-13,2.014162290838267,0.5126932182218037,-74.54558549954643,-83.48227763133852,-80.75970539739407
A18,A18_R1_acquisition,9,LEFT,C4,False,9.222748074855824,4.456693934568173e-13,4.633880905269279e-13,8.174187501339348e-13,9.52908778712702e-13,1.1215286363519561e-13,7.729197809995247e-13,0.5452155255599336,0.48628798566944204,-10.808118464706826,-589.1663359694797,-16.57535119625858
A18,A18_R1_acquisition,10,RIGHT,C3,False,8.16322184367888,3.3194929927628196e-13,7.348333130847447e-13,1.0585777916244745e-12,1.1715441158033133e-12,2.5620061766874167e-12,1.0900048505991514e-12,0.31358044907297605,0.6272348630942324,100.02358723207998,57.45502643524111,-10.67151843469933
A18,A18_R1_acquisition,10,RIGHT,Cz,False,8.16322184367888,7.050940702346289e-13,4.916011643715877e-13,5.431109324343209e-13,7.052443885195338e-13,3.6956519353478396e-13,4.381972012632525e-13,1.2982505564273406,0.6970649782886879,-46.307361484446965,-18.571015054752124,-29.852732913790103
A18,A18_R1_acquisition,10,RIGHT,C4,False,8.16322184367888,4.227180729143391e-13,5.879920216532951e-13,9.244344181974018e-13,8.466935225562917e-13,1.7517888373396945e-12,2.8450236226977815e-12,0.45727210561741843,0.6944567378737717,51.86947319607471,-62.406767417144735,8.409563091852503
A18,A18_R1_acquisition,11,LEFT,C3,False,10.847546436843011,2.812696205100846e-13,5.49958497083921e-13,1.2956467487935538e-12,1.3952276204809776e-12,2.864096528834205e-12,3.3262982008147643e-12,0.2170881999835139,0.39417116534313845,81.5718981377489,-16.137782624550464,-7.685804157664798
A18,A18_R1_acquisition,11,LEFT,Cz,False,10.847546436843011,4.723512886549211e-13,1.0186148831372389e-12,4.4420242182934184e-13,5.119801201597812e-13,6.732747836586717e-13,8.039978597970522e-13,1.0633694582520619,1.989559443869314,87.09954742725999,-19.41600655649281,-15.258291040222845
A18,A18_R1_acquisition,11,LEFT,C4,False,10.847546436843011,3.3312395220616083e-13,6.321173084222714e-13,8.06832252105864e-13,6.782379614649688e-13,4.812580085508115e-13,7.70704014335077e-13,0.41287882498089806,0.931999304575818,125.73192137401021,-60.14362371981298,15.938169341304715
A18,A18_R1_acquisition,12,RIGHT,C3,False,9.013117602656635,2.8174645739510697e-13,4.327561230120616e-13,2.1770672626876397e-12,1.5863598267311986e-12,5.733230793813791e-12,9.280617786073149e-13,0.12941559602861533,0.2727982111749418,110.79237707534328,83.81258644587095,27.133173424655663
A18,A18_R1_acquisition,12,RIGHT,Cz,False,9.013117602656635,7.955071116249491e-13,9.677750596128886e-13,6.804032534824503e-13,7.171551427050613e-13,6.927421477264603e-13,3.8302974107443987e-13,1.16917005842252,1.3494640168966865,15.420678726362924,44.708180044837555,-5.401486403027457
A18,A18_R1_acquisition,12,RIGHT,C4,False,9.013117602656635,1.8722835928425266e-13,5.528915798791927e-13,1.104252872914222e-12,1.4098374963255958e-12,1.150047639448594e-12,3.39955093481944e-12,0.16955206898410896,0.3921668854177679,131.2958419012411,-195.60087932091244,-27.673427971702594
A18,A18_R1_acquisition,13,RIGHT,C3,False,8.228035033056944,5.725306011314167e-13,7.755681087697949e-13,1.223278531786226e-12,1.337476909298999e-12,2.68351857157044e-12,7.613711567346193e-13,0.46802963205396075,0.579874017545684,23.896859906260882,71.62787823417028,-9.335435433990728
A18,A18_R1_acquisition,13,RIGHT,Cz,False,8.228035033056944,6.169354779703951e-13,5.93741809727777e-13,5.438298791579079e-13,6.528183318903068e-13,4.212100920067825e-13,3.8207943077748105e-13,1.1344273303366255,0.9095054178526707,-19.82691235208626,9.290057852809312,-20.04090928235901
A18,A18_R1_acquisition,13,RIGHT,C4,False,8.228035033056944,7.297927874057686e-13,5.266442975612715e-13,9.142911146329522e-13,1.101987446664915e-12,1.1255003578498808e-12,1.5829862419446888e-12,0.7982061465168546,0.47790408062734496,-40.1277373379317,-40.6473335085183,-20.529165057818002
A18,A18_R1_acquisition,14,LEFT,C3,False,8.974356560293568,3.502376814804843e-13,5.867228384929787e-13,1.5139990524262912e-12,2.152478478546729e-12,3.91823441977155e-12,5.918551748178941e-12,0.231332827401182,0.27258011838014357,17.830280052484596,-51.05149702921597,-42.171719004528384
A18,A18_R1_acquisition,14,LEFT,Cz,False,8.974356560293568,4.793288363793042e-13,3.7176841438466083e-13,4.925673939614774e-13,5.744791029661494e-13,3.7694369443364455e-13,7.488054546863961e-13,0.9731233578501777,0.647140013388036,-33.49866610768686,-98.6518054935158,-16.6295434916827
A18,A18_R1_acquisition,14,LEFT,C4,False,8.974356560293568,5.224634543667686e-13,4.579112813628707e-13,9.019182129210172e-13,1.0427922379451982e-12,1.3709695317710871e-12,1.7530900892815994e-12,0.579280301563798,0.43912033931627265,-24.195533987459275,-27.872286630387027,-15.619379119525286
A18,A18_R1_acquisition,15,RIGHT,C3,False,8.768632950958107,4.991943023789531e-13,4.637825302469061e-13,2.1821275221214865e-12,2.3622433028404867e-12,3.679730039325964e-12,1.1075634679497407e-12,0.22876495407272596,0.1963313980779327,-14.17767687636385,69.90095859987002,-8.254136336811781
A18,A18_R1_acquisition,15,RIGHT,Cz,False,8.768632950958107,4.86495469189994e-13,6.827845941913618e-13,5.97170493261365e-13,5.764979408900878e-13,8.805779565226371e-13,5.227549523136711e-13,0.8146676278880851,1.1843660588573344,45.38027758972602,40.63501721323947,3.4617504723612345
A18,A18_R1_acquisition,15,RIGHT,C4,False,8.768632950958107,5.068916352034804e-13,6.793925273990775e-13,1.4519675027209027e-12,1.4225533055079908e-12,1.260044042010936e-12,2.170254711081107e-12,0.3491067356904303,0.477586692019578,36.80248565672964,-72.23641703964114,2.025816497806689
A18,A18_R1_acquisition,16,LEFT,C3,False,8.91289422997089,2.0838338711860567e-13,7.126011663653935e-13,1.4471348607772319e-12,1.4926954033001025e-12,7.26061198471102e-13,5.103617919925469e-12,0.14399721322910183,0.4773922159805344,231.52878814466766,-602.9184221209417,-3.1483273437557067
A18,A18_R1_acquisition,16,LEFT,Cz,False,8.91289422997089,7.494953915258529e-13,6.552332481156234e-13,6.820572982574076e-13,7.545693200480094e-13,3.199439177301798e-13,3.470838826138303e-13,1.0988745277570422,0.8683539480162461,-20.977879996119402,-8.482725683986464,-10.63136806480383
A18,A18_R1_acquisition,16,LEFT,C4,False,8.91289422997089,3.1241847172119456e-13,6.887147826769329e-13,1.08291106915896e-12,1.0430791252044868e-12,6.773919692468644e-13,9.366294369010002e-13,0.28849873329287656,0.6602708903237962,128.86439839356453,-38.26993519606681,3.6782285349995063
A18,A18_R1_acquisition,17,RIGHT,C3,False,11.21258825373028,1.2314417633482085e-12,1.1766994661711421e-13,1.9892115048646975e-12,1.0622388483016416e-12,4.352005969291402e-13,2.8885762585797773e-13,0.6190602458997787,0.1107754125216288,-82.10587527541503,33.626555685765794,46.60000479064728
A18,A18_R1_acquisition,17,RIGHT,Cz,False,11.21258825373028,1.1778682935902973e-12,5.872952463469784e-13,4.987235060906215e-13,4.891198586681136e-13,4.0137638401858753e-13,3.813538530312929e-13,2.3617661473856226,1.2007184659118093,-49.16014579847565,4.988467629019098,1.925645634349317
A18,A18_R1_acquisition,17,RIGHT,C4,False,11.21258825373028,9.076883229655005e-13,2.2555234567460197e-13,1.6297774252208957e-12,8.250891510170009e-13,6.313014500888623e-13,5.10974581315314e-13,0.5569400513953461,0.27336724206903856,-50.91621775375106,19.060128684420267,49.374120769578674
A18,A18_R1_acquisition,18,LEFT,C3,False,10.604636461808603,8.723943333911922e-13,5.91815753126838e-13,1.5747066571491875e-12,1.195265056417545e-12,2.457855914459194e-13,7.146128772769283e-13,0.55400434705125,0.49513348520422024,-10.626425976687099,-190.74644818395132,24.096018074793353
A18,A18_R1_acquisition,18,LEFT,Cz,False,10.604636461808603,3.3970208427280083e-13,6.56693290507279e-13,5.119714566225556e-13,5.544681940397721e-13,6.287271245858511e-13,4.399497346150215e-13,0.663517623646042,1.184366024176626,78.49805068756307,30.025329366086954,-8.300606775534888
A18,A18_R1_acquisition,18,LEFT,C4,False,10.604636461808603,4.956717105224321e-13,6.404280924715316e-13,9.097365452989086e-13,7.320407092230078e-13,5.035937581590625e-13,5.174213708825437e-13,0.5448519278288103,0.8748531118594288,60.56713157749956,-2.7457871547156287,19.532669869551736
A18,A18_R1_acquisition,19,RIGHT,C3,False,6.967569761764834,5.631487034475121e-13,6.676730512790617e-13,1.8335862777344575e-12,1.6629418386854159e-12,8.235796227329181e-13,1.2491420746941549e-12,0.30712964548541855,0.4015011443857043,30.726926002578338,-51.672290111923296,9.30659446578573
A18,A18_R1_acquisition,19,RIGHT,Cz,False,6.967569761764834,6.971026595532887e-13,5.605877606982732e-13,6.337315698647088e-13,8.633871403780037e-13,2.912322776035648e-13,7.923847513693907e-13,1.099996737896628,0.6492889857646473,-40.973553521059245,-172.07998985882034,-36.2386192252222
A18,A18_R1_acquisition,19,RIGHT,C4,False,6.967569761764834,3.599480798053514e-13,6.896333576155071e-13,9.528442382538037e-13,1.1703788800103936e-12,7.868198800370609e-13,3.011648859449342e-12,0.37776172154327925,0.5892394073356679,55.981766741329345,-282.76217160495315,-22.830031711714714
A18,A18_R1_acquisition,20,RIGHT,C3,False,11.013183116709806,4.437721029974458e-13,4.3934791958270173e-13,1.455170878666523e-12,1.3472192704716803e-12,7.285709688153793e-13,7.286629223160224e-13,0.3049621934463847,0.32611463420418557,6.936086246874295,-0.012621076680089731,7.418483270759681
A18,A18_R1_acquisition,20,RIGHT,Cz,False,11.013183116709806,5.663250281247098e-13,4.079752377910717e-13,6.98858212504947e-13,5.348355569483676e-13,4.981686353048806e-13,4.543573877870573e-13,0.8103575489151185,0.7628050014454391,-5.868094587795385,8.794461235202139,23.47009058799869
A18,A18_R1_acquisition,20,RIGHT,C4,False,11.013183116709806,1.057391804899724e-12,2.3359441240824125e-13,1.529010543631591e-12,7.661126789629809e-13,1.596442911554107e-12,1.5630459326361186e-12,0.6915529845780438,0.3049086887903192,-55.90956939093228,2.0919619910164537,49.89487272315549
A18,A18_R1_acquisition,21,LEFT,C3,False,8.420284573451,9.757541197453815e-13,8.428874979221464e-13,9.274232168684886e-13,1.3190035560007696e-12,7.730221433612405e-13,1.6107168044100125e-12,1.0521131043495824,0.6390335295818221,-39.26189808491422,-108.36619212566455,-42.22239987203256
A18,A18_R1_acquisition,21,LEFT,Cz,False,8.420284573451,1.0252352573462793e-12,9.601536109369491e-13,4.784864839954088e-13,5.847099298940713e-13,8.333604136796224e-13,9.441219027784697e-13,2.1426629416686236,1.6421024543073774,-23.361606607683655,-13.29094678373198,-22.19988431265318
A18,A18_R1_acquisition,21,LEFT,C4,False,8.420284573451,7.931214585758217e-13,7.62153052079686e-13,6.510893759457923e-13,1.1781941065658796e-12,6.90237153662113e-13,6.739371236325586e-13,1.2181452929157526,0.6468824176189084,-46.89611975017113,2.361511538907058,-80.95735395073815
A18,A18_R1_acquisition,22,RIGHT,C3,False,8.847840800411223,8.679102357724808e-13,4.798274182894249e-13,1.91196361380578e-12,1.1891103178523933e-12,4.121488688044042e-12,9.20201705005239e-13,0.4539365861910405,0.4035180008832342,-11.106966664852058,77.67307459378364,37.80685420652651
A18,A18_R1_acquisition,22,RIGHT,Cz,False,8.847840800411223,7.070155599220131e-13,1.0721757425109821e-12,4.845428906052856e-13,7.869482177713411e-13,3.83146990809353e-13,4.179861983325654e-13,1.4591392704963992,1.362447640516187,-6.626621045386422,-9.092909081608251,-62.410435284334504
A18,A18_R1_acquisition,22,RIGHT,C4,False,8.847840800411223,8.04370664381884e-13,7.375843967647978e-13,7.814461548555326e-13,1.0931216247233154e-12,2.4008953878309786e-12,2.5232209479840497e-12,1.0293360065615647,0.6747505310321629,-34.44798134613723,-5.094997506891906,-39.88444602755808
A18,A18_R1_acquisition,23,LEFT,C3,False,11.994925426005908,2.7704743379003957e-13,3.441786577633671e-13,1.795116788052098e-12,2.3405086345065995e-12,7.515547913023678e-13,5.759759079419762e-12,0.15433393283044664,0.14705293229389135,-4.717692605264125,-666.3791311128077,-30.38197013612204
A18,A18_R1_acquisition,23,LEFT,Cz,False,11.994925426005908,3.8161090989022876e-13,1.7564842076605144e-12,4.266077485932051e-13,4.745013098327349e-13,1.4078548880266555e-13,7.422342664027998e-13,0.894524094202791,3.701747858777645,313.8231583439551,-427.20935425608064,-11.22660368862617
A18,A18_R1_acquisition,23,LEFT,C4,False,11.994925426005908,3.1686354644257266e-13,4.02620140637734e-13,9.370398876392422e-13,1.3442910271344987e-12,6.82070854629423e-13,1.3111305800575192e-12,0.33815374417077565,0.29950370307533947,-11.429724426152442,-92.2279146159781,-43.46145184078302
A18,A18_R1_acquisition,24,LEFT,C3,False,9.023838848451602,1.0192698403030797e-12,3.536981755834544e-13,2.145592089043866e-12,1.9810382872620547e-12,4.112770922564033e-12,4.396471001069057e-12,0.4750529448294592,0.17854181711565612,-62.41643819727263,-6.898027725019909,7.669388912369676
A18,A18_R1_acquisition,24,LEFT,Cz,False,9.023838848451602,1.0752117843159343e-12,5.016338492849875e-13,6.699732587894329e-13,4.589040116175108e-13,7.730852572215787e-13,6.600009876104068e-13,1.6048577614257655,1.0931128004675004,-31.887247160373125,14.627658276344569,31.504130113088504
A18,A18_R1_acquisition,24,LEFT,C4,False,9.023838848451602,8.623843250283851e-13,5.819335348107601e-13,1.2598867160077952e-12,1.1124987683771694e-12,3.0347089325905485e-12,9.574026708705828e-13,0.6844935453887661,0.5230869025227252,-23.58044775635804,68.4515816133541,11.698507949798392
A18,A18_R1_acquisition,25,RIGHT,C3,False,7.742876262472502,4.623897442826572e-13,5.03179701431126e-13,1.6411031559056216e-12,1.1963645917668539e-12,6.476256413801032e-13,7.078002938428163e-13,0.28175544152646115,0.4205905999675265,49.27505842971505,-9.291579674714514,27.099976167759213
A18,A18_R1_acquisition,25,RIGHT,Cz,False,7.742876262472502,1.2771245568851767e-12,5.883316023517727e-13,7.101496162417784e-13,5.32542279691357e-13,1.5034055394521509e-12,1.0845568714706481e-12,1.7983880124359108,1.1047603632386696,-38.569410182940715,27.859992330089025,25.00984757132544
A18,A18_R1_acquisition,25,RIGHT,C4,False,7.742876262472502,8.254619384494467e-13,5.775971160215569e-13,8.771833033106009e-13,1.0085223848826297e-12,3.0244880123229313e-13,2.3176797081557255e-12,0.9410369934471494,0.5727162080678821,-39.13988376057959,-666.3048088511524,-14.972820512695407
A18,A18_R1_acquisition,26,LEFT,C3,False,7.93344070883388,6.515081530817802e-13,3.6629997571833366e-13,1.5973332332614341e-12,1.7500012343139641e-12,3.649085434816683e-13,3.899097257253902e-12,0.4078724085340234,0.20931412420513557,-48.68147003190209,-968.5135568632633,-9.557680130451716
A18,A18_R1_acquisition,26,LEFT,Cz,False,7.93344070883388,4.837894347719529e-13,4.0525906326693244e-13,5.151570866681443e-13,5.837775646353511e-13,2.656872119311386e-13,4.5171397489217124e-13,0.9391105107394204,0.6942011612249472,-26.07886363891729,-70.01720617597789,-13.32030166002762
A18,A18_R1_acquisition,26,LEFT,C4,False,7.93344070883388,4.382630298623984e-13,3.4088938861310927e-13,1.4453263140996996e-12,9.88101250554763e-13,3.809611386383189e-13,8.787917059759995e-13,0.3032277386684089,0.344994390424786,13.77402078707929,-130.6775197903628,31.634729063225016
A18,A18_R1_acquisition,27,RIGHT,C3,False,8.82171133615484,2.8919002075618846e-13,5.063951276261929e-13,3.207164905777836e-12,9.758510330077696e-13,1.5066682020101875e-12,3.7000268905192025e-13,0.0901699879027739,0.5189266706675311,475.49821480187563,75.44232442429826,69.57278276368844
A18,A18_R1_acquisition,27,RIGHT,Cz,False,8.82171133615484,1.084699270964308e-12,4.5041634119388935e-13,6.573566942365317e-13,4.395384348255413e-13,3.18228113665017e-13,4.1841945770788537e-13,1.650092378269763,1.0247484759157994,-37.897508684312584,-31.484127184418035,33.13547444191913
A18,A18_R1_acquisition,27,RIGHT,C4,False,8.82171133615484,3.7561248022450523e-13,5.025713187242913e-13,1.0040525058348407e-12,1.046882044124467e-12,1.0400404155385239e-12,3.9103759312528794e-13,0.37409645216929593,0.4800648951282796,28.326503056764636,62.40169254164877,-4.265667187794609
A18,A18_R1_acquisition,28,LEFT,C3,False,7.052838995634105,4.331739278680349e-13,3.886119046158328e-13,1.3563633371677832e-12,1.7346355724870534e-12,2.7629202204786437e-13,1.904958927812967e-12,0.31936422638239664,0.2240308631850874,-29.85098371135661,-589.4730125370595,-27.888709828233708
A18,A18_R1_acquisition,28,LEFT,Cz,False,7.052838995634105,8.668469559837554e-13,7.651713966448862e-13,3.9359288890354576e-13,6.18469633762839e-13,4.810892173020712e-13,7.301609947289069e-13,2.2023948613466584,1.2372012381424407,-43.82473098461773,-51.772471398053796,-57.13435155948707
A18,A18_R1_acquisition,28,LEFT,C4,False,7.052838995634105,3.886267791063475e-13,4.101858604731404e-13,1.0728425531201113e-12,1.2101702748288486e-12,3.9336189433109957e-13,3.8801064696176576e-13,0.36224027279316756,0.33894888100036336,-6.429818422233564,1.3603878378797831,-12.800361181550057
A18,A18_R1_acquisition,29,LEFT,C3,False,8.608311659747677,3.6336313479300886e-13,5.202951247347476e-13,1.169973887924999e-12,2.095935818299307e-12,2.1913264513493446e-13,3.933317057080946e-12,0.3105737132624811,0.24824000820641903,-20.070502555179488,-1694.94801181218,-79.1438116637409
A18,A18_R1_acquisition,29,LEFT,Cz,False,8.608311659747677,1.2391051822643127e-12,6.428977468784879e-13,7.503805574968753e-13,5.184059129687822e-13,9.80173907960142e-13,5.38161011399127e-13,1.6513023556976587,1.2401435454251897,-24.89906278240356,45.09535430104401,30.914266395962574
A18,A18_R1_acquisition,29,LEFT,C4,False,8.608311659747677,4.927900383064567e-13,3.611042196418293e-13,9.213393529238492e-13,9.924523227321563e-13,7.957672797480004e-13,1.2866294337833679e-12,0.5348626830522313,0.3638504453772983,-31.973110686847633,-61.684133857679015,-7.718433993146144
A18,A18_R1_acquisition,30,LEFT,C3,False,9.91568889301586,3.554923743600346e-13,9.044550260458957e-13,1.5903529743236089e-12,2.3196148359925647e-12,1.2989748770019837e-12,3.7980765478022695e-12,0.2235304866903705,0.38991603778860934,74.4352833305966,-192.3903006167585,-45.85534616798622
A18,A18_R1_acquisition,30,LEFT,Cz,False,9.91568889301586,5.0245078222808e-13,6.886876178824738e-13,6.265135952230435e-13,6.223900798221756e-13,3.2177565646611586e-13,9.660053339741357e-13,0.8019790568937356,1.1065208784806473,37.97378734134005,-200.2108191101957,0.6581685429188292
A18,A18_R1_acquisition,30,LEFT,C4,False,9.91568889301586,5.312150932801558e-13,1.0734913772439525e-12,1.303544252600343e-12,1.5784686937116016e-12,6.226149734822244e-13,1.7081456593480998e-12,0.4075159644334855,0.6800840469757758,66.88525268481322,-174.35023764279373,-21.090533793757476
A18,A18_R1_acquisition,31,LEFT,C3,False,9.447752252165662,8.78641811280106e-13,8.885297666425691e-13,1.2853828478976261e-12,1.8245704079225865e-12,1.0723324410825171e-12,3.768867725246191e-12,0.6835642880385511,0.486980257261888,-28.75867481912342,-251.46448814339027,-41.94762369101597
A18,A18_R1_acquisition,31,LEFT,Cz,False,9.447752252165662,3.5306234129249866e-13,9.255735362325847e-13,5.030058388198437e-13,7.191204734976514e-13,2.71376147655108e-13,9.335836609452012e-13,0.7019050556567222,1.287091065187991,83.37110622230128,-244.01831885818237,-42.96463738569269
A18,A18_R1_acquisition,31,LEFT,C4,False,9.447752252165662,5.560253097124878e-13,7.849885649206257e-13,9.468346849443845e-13,1.2385553340619848e-12,5.413451407523743e-13,2.3546036689326264e-12,0.5872464523679208,0.6337936976510894,7.926356148339206,-334.95424483909517,-30.810093224957793
A18,A18_R1_acquisition,32,LEFT,C3,False,9.993819714877821,4.484827041363569e-13,2.2515598421410244e-13,1.891516852350084e-12,2.1581715052453667e-12,3.3667136486515566e-12,4.687971880743131e-12,0.23710214560295717,0.10432719719765925,-55.999049720806035,-39.24474636031989,-14.097397681864788
A18,A18_R1_acquisition,32,LEFT,Cz,False,9.993819714877821,1.2282343138945736e-12,3.931284863932833e-13,7.200304483159059e-13,9.921260838412201e-13,3.4131161882432343e-13,3.778454823944755e-13,1.7058088540107106,0.39624851397032673,-76.77063798568848,-10.703961293786604,-37.78946239866999
A18,A18_R1_acquisition,32,LEFT,C4,False,9.993819714877821,6.435407199623493e-13,2.9027390554271187e-13,1.3523840732539102e-12,1.681505504731339e-12,7.364288860569271e-13,1.3221750994078782e-12,0.4758564764918852,0.17262738939953107,-63.72280342338162,-79.53873407753211,-24.3363877160683
A18,A18_R1_acquisition,33,RIGHT,C3,False,7.3219723629690225,5.852131740879382e-13,9.215842586580997e-13,1.2245961681701297e-12,1.1235230006466759e-12,6.558797017081898e-13,6.745679594522919e-13,0.47788257819098134,0.8202629212999248,71.64528667377247,-2.849342294849173,8.253591686023633
A18,A18_R1_acquisition,33,RIGHT,Cz,False,7.3219723629690225,2.298617455989643e-13,3.9421539831197446e-13,5.332121875122591e-13,4.165660633362285e-13,4.2923231036809364e-13,1.578392719981691e-13,0.4310886941114404,0.9463454491581714,119.52453452966978,63.22754177969221,21.87611740839078
A18,A18_R1_acquisition,33,RIGHT,C4,False,7.3219723629690225,4.721777778898401e-13,1.0930363217348046e-12,8.741259639411737e-13,9.414593640041944e-13,5.274096963652813e-13,1.1602429566681784e-12,0.5401713224040745,1.1610021244952373,114.93220323657818,-119.98893169089555,-7.702940175742451
A18,A18_R1_acquisition,34,LEFT,C3,False,8.31923275967144,7.757979518436897e-13,4.726080133244758e-13,1.2870346059411977e-12,1.8139250196882826e-12,1.0315201317479828e-12,3.198032352469913e-12,0.6027794033372981,0.26054440409322543,-56.776160125791115,-210.0310167529764,-40.93832530336465
A18,A18_R1_acquisition,34,LEFT,Cz,False,8.31923275967144,5.797631188041547e-13,7.824442000134473e-13,9.118264838645676e-13,4.117296882258977e-13,1.3067952466497938e-12,5.52031558236733e-13,0.6358261457234293,1.9003832426680756,198.8840983419863,57.75684372498554,54.84560982689647
A18,A18_R1_acquisition,34,LEFT,C4,False,8.31923275967144,6.66161621845496e-13,7.598508503089815e-13,1.0166528819935279e-12,8.514616780800169e-13,5.506353308004003e-13,1.1993600259227798e-12,0.6552498238525988,0.892407573788158,36.19348549247514,-117.81385226033302,16.24853544796843
A18,A18_R1_acquisition,35,RIGHT,C3,False,7.701453508929442,5.873826620848158e-13,4.1630665836023034e-13,1.167292942522872e-12,1.2979572911670606e-12,2.1984164415635258e-12,1.0122119914558266e-12,0.5032007310995171,0.3207398742572704,-36.26005400341156,53.95722246618862,-11.193792396429947
A18,A18_R1_acquisition,35,RIGHT,Cz,False,7.701453508929442,2.780446490253727e-13,5.7905388773878e-13,7.511760280393653e-13,5.534189282462228e-13,3.3838878484428085e-13,5.315167114242886e-13,0.37014579625376676,1.0463210746582052,182.67809205129055,-57.07279177969242,26.326332631953882
A18,A18_R1_acquisition,35,RIGHT,C4,False,7.701453508929442,4.471712615988348e-13,2.6691984296924646e-13,9.73823739572064e-13,7.921858595674483e-13,7.361957395896291e-13,1.5396012810769696e-12,0.4591911692308295,0.3369409334256368,-26.622950090692846,-109.12933860975284,18.65202835211579
A18,A18_R1_acquisition,36,LEFT,C3,False,7.2225818321154165,4.611484191445668e-13,5.583332964575096e-13,9.95193583516769e-13,1.1626614584373491e-12,1.2046565256861104e-12,5.630857925963252e-13,0.46337559524347194,0.48022000936362486,3.635153489536353,53.2575650743584,-16.827668274225584
A18,A18_R1_acquisition,36,LEFT,Cz,False,7.2225818321154165,5.727915370148821e-13,6.664943178537631e-13,4.91385746026195e-13,5.107667696489694e-13,2.909999274877011e-13,6.66420576762196e-13,1.1656657557672572,1.3048897411862157,11.94373127374917,-129.01056454399352,-3.9441566588993506
A18,A18_R1_acquisition,36,LEFT,C4,False,7.2225818321154165,4.244401884083378e-13,4.0910806610980847e-13,8.688647063566963e-13,8.294206421390872e-13,5.528509348183668e-13,2.2270014209213624e-13,0.48849974605147756,0.4932455804990736,0.9715121626892124,59.717868223321005,4.539724531222473
A18,A18_R1_acquisition,37,RIGHT,C3,False,7.349188506132823,6.480594171091296e-13,4.239531491443846e-13,1.4199479980555226e-12,1.3225884015940782e-12,5.408934421372474e-13,5.827834845061656e-13,0.4563965849429574,0.32054806214344983,-29.76545558869301,-7.74460163602593,6.856560704671486
A18,A18_R1_acquisition,37,RIGHT,Cz,False,7.349188506132823,7.705084542318802e-13,4.623526877182504e-13,6.00844181727547e-13,4.803993258716003e-13,4.243642173603801e-13,3.538363078283089e-13,1.2823764923819592,0.9624340893472164,-24.949178726792123,16.619664582175943,20.04593861750374
A18,A18_R1_acquisition,37,RIGHT,C4,False,7.349188506132823,6.282027995878402e-13,4.771322537274283e-13,5.633922462294704e-13,8.292278776062014e-13,5.243452755322394e-13,7.683013407655968e-13,1.1150362891788403,0.5753934070629707,-48.39688962170777,-46.52584406061989,-47.1848225025901
A18,A18_R1_acquisition,38,LEFT,C3,False,8.886136132124147,7.194220393369854e-13,4.557097903941731e-13,1.698863406289972e-12,1.4050202601046774e-12,1.7750729425859104e-12,1.2663096140562073e-12,0.42347256211026435,0.3243439282222319,-23.4085139764548,28.661544904658466,17.296455094468016
A18,A18_R1_acquisition,38,LEFT,Cz,False,8.886136132124147,7.706295058482568e-13,7.390792839088254e-13,4.380386049409679e-13,6.944927413524199e-13,5.161088178032595e-13,3.4639302521989497e-13,1.7592730347411054,1.0642001563178038,-39.5090963538578,32.88372272067247,-58.54601250180059
A18,A18_R1_acquisition,38,LEFT,C4,False,8.886136132124147,5.492204266614104e-13,4.435723948310434e-13,1.356443413377439e-12,8.541129500149945e-13,1.0626213282360133e-12,4.936799692225323e-13,0.40489741130733503,0.5193369270694891,28.263829939700305,53.54130807424527,37.03290962294406
A18,A18_R1_acquisition,39,RIGHT,C3,False,7.961459507366131,3.306166429244966e-13,3.9913390888869855e-13,1.2954692661960642e-12,1.467648998105581e-12,5.007908203928171e-13,5.096982608185347e-13,0.2552099471223265,0.2719546086318285,6.561132000656716,-1.778674860439861,-13.29091599487302
A18,A18_R1_acquisition,39,RIGHT,Cz,False,7.961459507366131,5.19671572418454e-13,6.310450011500876e-13,9.688295400347718e-13,5.964758312250465e-13,6.028901626810172e-13,5.189313865729498e-13,0.5363911306831155,1.0579556926121259,97.23586616072063,13.926048442175208,38.433356274041905
A18,A18_R1_acquisition,39,RIGHT,C4,False,7.961459507366131,2.6828085115613705e-13,5.005679856979077e-13,1.0371273515380722e-12,1.006743609227937e-12,3.182162355090522e-13,5.620939898826004e-13,0.2586768642812026,0.49721496228994094,92.21470140809662,-76.63900428694838,2.929605729236225
A18,A18_R1_acquisition,40,RIGHT,C3,False,9.500161775186836,3.614185272750562e-13,1.3251700100468603e-12,1.291326215608881e-12,1.6693932461561045e-12,6.256960609556049e-13,5.482319583657171e-13,0.2798816618964416,0.7938033852108588,183.62107750545383,12.380468317409493,-29.277422387723995
A18,A18_R1_acquisition,40,RIGHT,Cz,False,9.500161775186836,6.743418299930863e-13,7.642030635081424e-13,3.7845453216218287e-13,7.157264301925887e-13,3.5948216103153114e-13,7.164499576234056e-13,1.781830504553461,1.0677306737191605,-40.076754158682384,-99.30055932888527,-89.11820823059172
A18,A18_R1_acquisition,40,RIGHT,C4,False,9.500161775186836,5.090193536305172e-13,1.6675469603774004e-12,8.945822264805399e-13,9.92610455902892e-13,4.160957713161986e-13,1.0802666028272176e-12,0.5690023103109237,1.6799611070594427,195.24679893504302,-159.6197023127889,-10.957989832641111
A18,A18_R2_acquisition,1,LEFT,C3,False,8.482590355484449,6.565173894933389e-13,6.858233581347762e-13,1.6457690193658442e-12,1.8437084152642166e-12,3.871569754321525e-13,3.8941759050838565e-13,0.3989122299472567,0.3719803806593207,-6.751322036804157,-0.5839014197561091,-12.0271674560166
A18,A18_R2_acquisition,1,LEFT,Cz,False,8.482590355484449,9.043481934944808e-13,5.799594723867508e-13,6.151113160288386e-13,5.569200054011374e-13,1.241592279188531e-13,2.634139640723726e-13,1.470218755416429,1.0413694368350417,-29.169082288024462,-112.15818468566216,9.460289399873913
A18,A18_R2_acquisition,1,LEFT,C4,False,8.482590355484449,4.2859070953472785e-13,6.627114393338177e-13,9.975376354072707e-13,1.079731210886784e-12,3.1412598906042483e-13,2.1380528921255963e-13,0.4296486611853442,0.6137744585428186,42.85496825464219,31.936453315414045,-8.239646561901957
A18,A18_R2_acquisition,2,RIGHT,C3,False,8.443387825627891,2.96079121429988e-13,2.863638156819638e-13,1.9681858886213596e-12,1.954038464615543e-12,4.3255552540945826e-13,8.766078409914653e-13,0.15043249885171178,0.14654973321536222,-2.581068363543563,-102.65787615628443,0.7188052758434476
A18,A18_R2_acquisition,2,RIGHT,Cz,False,8.443387825627891,8.376428372251645e-13,5.281263171064396e-13,6.794355481263364e-13,6.030916443029515e-13,4.632808327825402e-13,4.27516704943162e-13,1.2328510622311604,0.8756982825004046,-28.9696615164849,7.719751241287709,11.236371725606158
A18,A18_R2_acquisition,2,RIGHT,C4,False,8.443387825627891,7.667488350974875e-13,6.727353060709044e-13,9.90058181892915e-13,8.837723651405831e-13,5.868063777436912e-13,1.1104285890755173e-12,0.774448258820025,0.7612088051247126,-1.7095336640674357,-89.2325358400479,10.735310176329389
A18,A18_R2_acquisition,3,RIGHT,C3,False,7.015034219329766,3.373415144204247e-13,5.784326542223343e-13,1.670146806586386e-12,1.8932072299596826e-12,1.7244352128073686e-12,4.252587812954116e-13,0.2019831508763695,0.305530554219705,51.265366885337436,75.33924277717033,-13.355737501256554
A18,A18_R2_acquisition,3,RIGHT,Cz,False,7.015034219329766,2.7753318586208015e-13,3.514816539749872e-13,6.597250466483155e-13,5.962804597244989e-13,4.574710672751638e-13,3.460357223281745e-13,0.42068008069735574,0.5894569379942171,40.12000212063337,24.35899293276228,9.616822530255924
A18,A18_R2_acquisition,3,RIGHT,C4,False,7.015034219329766,2.0478737048290703e-13,5.456794607434589e-13,6.843287101172273e-13,1.1413268120347621e-12,5.694031438390879e-13,6.216497958758156e-13,0.29925292838850265,0.47810973595776596,59.767771875255946,-9.175687314345504,-66.78049527386479
A18,A18_R2_acquisition,4,LEFT,C3,False,10.50948081354365,8.728489486437353e-13,5.762911841570359e-13,1.205264414325504e-12,1.5119876297250868e-12,6.400865709224257e-13,2.2764322743417746e-12,0.7241970627102629,0.38114808139126016,-47.369562648481754,-255.64443588641748,-25.44862453034696
A18,A18_R2_acquisition,4,LEFT,Cz,False,10.50948081354365,3.101181893171597e-13,8.86701392823506e-13,5.793021484527498e-13,5.782476187920246e-13,2.2054541738414508e-13,8.068684428097017e-13,0.535330639020501,1.5334285244024868,186.44512617626629,-265.85137536741547,0.18203448123604007
A18,A18_R2_acquisition,4,LEFT,C4,False,10.50948081354365,9.818425743876457e-13,6.038483201659899e-13,7.344156450817685e-13,1.0094336011441696e-12,4.600104316276666e-13,6.229906707520492e-13,1.3369031296689344,0.5982050919263454,-55.25441756767503,-35.42968331124698,-37.447181021284095
A18,A18_R2_acquisition,5,RIGHT,C3,False,7.4190759570812865,3.13181835277506e-13,4.883584420381253e-13,1.6318125063423459e-12,1.4415457655426456e-12,4.049896912388105e-13,4.840947923683554e-13,0.19192268355602493,0.3387741504372503,76.51595119466812,-19.53262091377504,11.659840824861487
A18,A18_R2_acquisition,5,RIGHT,Cz,False,7.4190759570812865,7.289122342256295e-13,1.0505554031100471e-12,7.353800384843299e-13,8.520672014587451e-13,5.171879875333044e-13,3.926514025587624e-13,0.9912048139462271,1.2329489989891511,24.388923625227537,24.079558685906726,-15.867599998351283
A18,A18_R2_acquisition,5,RIGHT,C4,False,7.4190759570812865,4.606230343338446e-13,4.485212657636837e-13,8.460596709743322e-13,1.4167100051068105e-12,1.8517000484818853e-13,6.513998939335809e-13,0.544433271241242,0.3165935612418211,-41.84896883321879,-251.78477986628042,-67.44800085735214
A18,A18_R2_acquisition,6,RIGHT,C3,False,20.64739411111706,1.089506839000272e-12,4.249576883141487e-13,2.5534289719713284e-12,1.4882581748988947e-12,3.804974685553419e-13,4.356907867678042e-13,0.42668382436310265,0.2855403017309267,-33.07918289212308,-14.505567782623666,41.71530944328904
A18,A18_R2_acquisition,6,RIGHT,Cz,False,20.64739411111706,3.2745803655392063e-13,7.426007647992866e-13,6.427506483259071e-13,3.5548985039858256e-13,2.45992680453555e-13,2.8683366482540155e-13,0.5094635647693393,2.0889506802139843,310.02945542528863,-16.60252016301663,44.69241667441599
A18,A18_R2_acquisition,6,RIGHT,C4,False,20.64739411111706,1.3004577455341171e-12,5.135547443792111e-13,2.940451973483084e-12,7.792771211053053e-13,7.792159392435757e-13,4.996396679222813e-13,0.4422645760793272,0.6590142716506282,49.009056409804685,35.87917767604873,73.49804968308257
A18,A18_R2_acquisition,7,LEFT,C3,False,8.73578659665842,4.5396979466104934e-13,4.3535516304007413e-13,1.8584866752819743e-12,1.624768779690947e-12,5.663742902704726e-13,3.5767019480768602e-12,0.24426852271737268,0.2679489958705906,9.694443184813089,-531.5085288156005,12.575710049444774
A18,A18_R2_acquisition,7,LEFT,Cz,False,8.73578659665842,8.041636695826459e-13,7.852591184113539e-13,7.321835374462953e-13,6.311408044110018e-13,4.183366745816275e-13,4.798326104477228e-13,1.0983088644513948,1.2441900649161475,13.282347542339137,-14.700106302560362,13.800191873708279
A18,A18_R2_acquisition,7,LEFT,C4,False,8.73578659665842,4.569437187386271e-13,4.387795456345878e-13,8.843062443321815e-13,1.0078598154085583e-12,3.633354602429581e-13,1.3038903131210694e-12,0.5167256498156994,0.43535771436300275,-15.746834994879416,-258.8667927565269,-13.971808054989262
A18,A18_R2_acquisition,8,LEFT,C3,False,6.533050969863105,5.517907643882862e-13,5.957169930816997e-13,1.0828883929140962e-12,1.1186821070071292e-12,4.849259592916989e-13,6.13738382535882e-13,0.5095546023015309,0.5325167796555301,4.506323218411681,-26.563317713972523,-3.3053927188849745
A18,A18_R2_acquisition,8,LEFT,Cz,False,6.533050969863105,8.08095592653912e-13,5.568667655235278e-13,6.514671712459283e-13,4.513904089863142e-13,8.647038888441737e-13,3.7285935980151715e-13,1.2404241200802684,1.2336699106524691,-0.5445080693337521,56.88011068159897,30.71171827077151
A18,A18_R2_acquisition,8,LEFT,C4,False,6.533050969863105,4.4051780541119556e-13,4.4211255752394183e-13,9.191706151343541e-13,9.097196092825133e-13,5.250998768617133e-13,3.200679840342594e-13,0.47925575313001667,0.4859877186473221,1.4046707782512777,39.046265646230516,1.0282101816820406
A18,A18_R2_acquisition,9,RIGHT,C3,False,6.654353565777255,3.613032892264243e-13,4.564016819296951e-13,8.751639465774495e-13,9.087317428034678e-13,3.842393443521227e-13,4.981212496923187e-13,0.41284069189480715,0.5022402766757994,21.65474153496756,-29.638272866672626,-3.8356009016703316
A18,A18_R2_acquisition,9,RIGHT,Cz,False,6.654353565777255,7.265596373849014e-13,5.686669073680996e-13,7.088034842528195e-13,6.796134508932205e-13,6.557362613957531e-13,7.822016691789858e-13,1.0250508829690637,0.8367505184317597,-18.369855357022985,-19.286017142631025,4.11821245353632
A18,A18_R2_acquisition,9,RIGHT,C4,False,6.654353565777255,3.9438840797918067e-13,4.940045312559394e-13,1.029568096608776e-12,6.551647966172644e-13,6.467537895301642e-13,4.806152591304994e-13,0.3830619939353499,0.7540156824764931,96.83907420054565,25.688064467369646,36.36508369137825
A18,A18_R2_acquisition,10,RIGHT,C3,False,7.887383271767036,5.000785570787249e-13,3.0617412635400233e-13,9.427680068275616e-13,1.0168007362308447e-12,1.0099439501218741e-12,1.419655378875618e-12,0.5304364949352726,0.3011151698109033,-43.232569273415585,-40.5677392992257,-7.852698528920721
A18,A18_R2_acquisition,10,RIGHT,Cz,False,7.887383271767036,2.583827442211307e-13,4.774960334788601e-13,5.434327697785034e-13,6.162795689891157e-13,5.672608411000985e-13,6.682975019588309e-13,0.4754640474229119,0.7748042568766276,62.957485655579134,-17.81132303488292,-13.404933096011819
A18,A18_R2_acquisition,10,RIGHT,C4,False,7.887383271767036,5.016936682620896e-13,3.5512387672534994e-13,8.474530797791612e-13,9.372883893163057e-13,1.1211394925911265e-12,2.1504745268145326e-12,0.5920017051478844,0.378884322875685,-35.999454126396785,-91.81150436904633,-10.600623406850408
A18,A18_R2_acquisition,11,RIGHT,C3,False,8.232500868686977,4.4042114692529203e-13,3.5095504249953073e-13,9.54885683874048e-13,8.676370189609639e-13,3.332930890142789e-13,8.007459687258543e-13,0.46122918623983133,0.40449523801994514,-12.300598035091713,-140.25279704841068,9.137079588324049
A18,A18_R2_acquisition,11,RIGHT,Cz,False,8.232500868686977,1.1164776241230647e-12,3.8032611759965954e-13,1.0186398938764548e-12,4.389247367204109e-13,6.381276278632164e-13,2.3623856576004843e-13,1.0960474165941867,0.8664950634621491,-20.94365167570389,62.97941736967287,56.910706191755956
A18,A18_R2_acquisition,11,RIGHT,C4,False,8.232500868686977,2.4282284858856673e-13,3.813491637360728e-13,7.625665134203685e-13,8.430037900275016e-13,2.8540121289703783e-13,2.202163047601886e-12,0.3184284181315859,0.45236945343226975,42.06315381227522,-671.6025539093783,-10.548230900717714
A18,A18_R2_acquisition,12,LEFT,C3,False,7.206912843406925,4.194996123442313e-13,2.569372879201347e-13,9.44464486703674e-13,1.3745867141023264e-12,3.6933713349511745e-13,1.1795260254224549e-12,0.4441666343732514,0.18691966485935924,-57.91677033032539,-219.36296636635046,-45.54138704567336
A18,A18_R2_acquisition,12,LEFT,Cz,False,7.206912843406925,9.785857771620774e-13,5.202910994503632e-13,7.413857431854937e-13,6.333039675054694e-13,4.946800018571557e-13,6.705431820222508e-13,1.319941455789819,0.8215503551947507,-37.75857621630983,-35.550897449838175,14.578345574279858
A18,A18_R2_acquisition,12,LEFT,C4,False,7.206912843406925,5.87181300091279e-13,1.9134263148608547e-13,7.434892272886265e-13,8.448584692440493e-13,7.056875080583557e-13,4.3991073479060576e-13,0.7897643685203418,0.2264789174183131,-71.32322925094337,37.66210542666599,-13.634258336882485
A18,A18_R2_acquisition,13,LEFT,C3,False,6.662434208390131,2.5442840126897063e-13,4.64483694195731e-13,1.0692508878169552e-12,1.437133890065914e-12,5.084158768600128e-13,1.1041342919101721e-12,0.23795014263530467,0.32320140622000604,35.82736393453736,-117.17148149057203,-34.405676576060664
A18,A18_R2_acquisition,13,LEFT,Cz,False,6.662434208390131,1.1066948623195238e-12,8.513356793641017e-13,9.087995415761552e-13,5.135878193293743e-13,5.791070412541625e-13,4.843126688664437e-13,1.217754644110134,1.6576243581394654,36.12137438003888,16.36905885005719,43.48722728901851
A18,A18_R2_acquisition,13,LEFT,C4,False,6.662434208390131,4.3629391633444075e-13,6.005160805408162e-13,8.622386454422079e-13,8.337195826888645e-13,5.273821379454354e-13,3.9792287019845987e-13,0.506001347353995,0.7202854449023091,42.3485231153747,24.54752605981695,3.307560256559492
A18,A18_R2_acquisition,14,LEFT,C3,False,9.279214584626144,5.810688715490672e-13,4.1823663951349753e-13,1.2244636595338421e-12,1.2269107780131822e-12,5.037211154657066e-13,3.226153834481306e-12,0.4745497075595386,0.3408859446086013,-28.166440906333808,-540.4642837929518,-0.19985227493576382
A18,A18_R2_acquisition,14,LEFT,Cz,False,9.279214584626144,4.565604058349279e-13,4.568132115016117e-13,4.783421544199136e-13,4.742731867350787e-13,3.128288092655544e-13,3.938118414601026e-13,0.9544640831176577,0.9631858268149999,0.9137843792773703,-25.887331919549418,0.8506395782260247
A18,A18_R2_acquisition,14,LEFT,C4,False,9.279214584626144,5.405868783988937e-13,5.715718327325332e-13,8.09564748316717e-13,8.813547684813256e-13,3.9945510788431355e-13,8.400393121225262e-13,0.6677500218764539,0.6485150511154736,-2.8805646021437608,-110.29630002022918,-8.867730507519955
A18,A18_R2_acquisition,15,RIGHT,C3,False,8.246070284857863,5.34041772746724e-13,3.5454726602041503e-13,1.606075814610565e-12,1.1163675189078843e-12,5.14286031228277e-13,1.1421463331083457e-12,0.3325134267563928,0.3175900946735356,-4.488038942797448,-122.0838723502835,30.490982508283604
A18,A18_R2_acquisition,15,RIGHT,Cz,False,8.246070284857863,6.203142848300471e-13,6.278844229296291e-13,6.126443293216731e-13,5.838878299621955e-13,5.463664701863038e-13,2.5271743211451985e-13,1.012519426266242,1.0753511046296036,6.205478802027446,53.74580141633756,4.6938326175837055
A18,A18_R2_acquisition,15,RIGHT,C4,False,8.246070284857863,3.2467165189066453e-13,4.490344663194374e-13,1.1391778749652344e-12,9.541332593695687e-13,5.592749429986779e-13,2.1301162395856693e-12,0.2850052296710669,0.4706202848605563,65.12689447969545,-280.8710306534697,16.243698167093783
A18,A18_R2_acquisition,16,RIGHT,C3,False,7.11777684510651,7.852384958138969e-13,4.107938663798336e-13,1.1794627420218956e-12,1.1746992167240584e-12,3.6551144392012925e-13,4.752286215268022e-13,0.6657594749180469,0.34970131973479535,-47.473324389736604,-30.01743979065348,0.4038724690592033
A18,A18_R2_acquisition,16,RIGHT,Cz,False,7.11777684510651,4.1190650178302447e-13,2.550968118489648e-13,6.591163481332038e-13,4.843934188742294e-13,4.985923553955412e-13,2.659337338915785e-13,0.6249374680959672,0.5266314568059801,-15.730535662952267,46.663094406931066,26.50866265930698
A18,A18_R2_acquisition,16,RIGHT,C4,False,7.11777684510651,5.275174514073572e-13,4.095379098253977e-13,9.744326087643403e-13,9.546307704135309e-13,2.037106974220515e-13,4.155423478058274e-13,0.5413585779690729,0.42900137154388224,-20.75467370383286,-103.9865127676134,2.0321403627819628
A18,A18_R2_acquisition,17,LEFT,C3,False,9.900780808233824,1.0958569526452293e-12,4.489365084388387e-13,1.376498907828382e-12,8.290264881586883e-13,1.2448234752400416e-12,1.4978558487737103e-12,0.7961190135443664,0.5415225144807501,-31.97970337753127,-20.326767494875202,39.77281903793206
A18,A18_R2_acquisition,17,LEFT,Cz,False,9.900780808233824,2.8999217915715813e-13,8.376996627121278e-13,5.658831930031278e-13,7.187570763713553e-13,2.9225581682388613e-13,5.378267270502886e-13,0.5124594311030461,1.1654837082665732,127.42945831983643,-84.02601285926977,-27.015095210184562
A18,A18_R2_acquisition,17,LEFT,C4,False,9.900780808233824,6.637047418500168e-13,4.4220795627541185e-13,9.145702655264937e-13,7.47821172353087e-13,2.6333409363351834e-12,8.883808587670912e-13,0.7257012029228173,0.5913284788179566,-18.516260351183686,66.26411542428497,18.23250760043174
A18,A18_R2_acquisition,18,LEFT,C3,False,7.020899752320874,5.861384776642261e-13,2.6953696132731906e-13,9.975272545709648e-13,1.2986878413373207e-12,8.231055256940161e-13,2.9697983971773834e-13,0.5875914417158692,0.2075456108449926,-64.67858513409874,63.91959105518889,-30.1907126232741
A18,A18_R2_acquisition,18,LEFT,Cz,False,7.020899752320874,3.1644317145802365e-13,2.85527081761494e-13,6.891524922432843e-13,4.54522419544924e-13,2.7302119421792206e-13,2.651691873284038e-13,0.459177286623398,0.6281914147323444,36.80803320038044,2.875969725357984,34.04617633096091
A18,A18_R2_acquisition,18,LEFT,C4,False,7.020899752320874,8.860934230076937e-13,3.190600077231098e-13,7.223353560016746e-13,7.952809586319423e-13,6.640398292274367e-13,3.029077732724535e-13,1.2267064261016727,0.40119155910882487,-67.29522642318227,54.38409566111943,-10.098578454478767
A18,A18_R2_acquisition,19,LEFT,C3,False,8.289100737341467,4.592926206160195e-13,7.306058044128456e-13,1.4487245510652038e-12,1.3135522340924778e-12,7.27235784080202e-13,6.492725442870573e-13,0.31703239948430184,0.5562061297985725,75.4414156733888,10.720490039107686,9.33043599442957
A18,A18_R2_acquisition,19,LEFT,Cz,False,8.289100737341467,3.064658370064683e-13,5.047321235030381e-13,4.763643330147152e-13,5.958856840003826e-13,3.238460418666114e-13,4.438312968855292e-13,0.6433433734783863,0.8470284436346922,31.6603976279471,-37.05009155811712,-25.090323246760658
A18,A18_R2_acquisition,19,LEFT,C4,False,8.289100737341467,6.199095916332693e-13,6.72488295680306e-13,1.1728784702421178e-12,9.28681168486339e-13,6.067100720282476e-13,6.183735998533056e-13,0.5285369348670039,0.7241325855421374,37.006997576120455,-1.9224219875016217,20.82034140377469
A18,A18_R2_acquisition,20,LEFT,C3,False,8.189950655389866,5.608248069882867e-13,3.452260743015127e-13,8.77777663484323e-13,1.6653546434903677e-12,5.448933399464187e-13,3.386238180062956e-13,0.6389144202668618,0.2072988331049797,-67.55452271395048,37.855027180256286,-89.72397143027902
A18,A18_R2_acquisition,20,LEFT,Cz,False,8.189950655389866,2.242328391832118e-13,5.982586953962214e-13,6.231954484379733e-13,6.220851016264642e-13,6.669947064145494e-13,5.425527725019974e-13,0.3598114199088694,0.9616991209595795,167.27865424703649,18.65710967655103,0.17816991672390808
A18,A18_R2_acquisition,20,LEFT,C4,False,8.189950655389866,6.822494506674341e-13,4.582285598330754e-13,5.58836688144654e-13,9.196018172391533e-13,7.664058194225183e-13,3.355500446682546e-13,1.2208386906960462,0.4982901852116585,-59.18460079868828,56.21770657729487,-64.55645034549268
A18,A18_R2_acquisition,21,RIGHT,C3,False,9.973270667294114,6.227917000388505e-13,3.9243787830094024e-13,1.7388970993300723e-12,1.2753208605400743e-12,1.0799259444344939e-12,5.418320839293131e-13,0.35815328019052267,0.3077169757379725,-14.082323754153567,49.82692223279764,26.65921054032441
A18,A18_R2_acquisition,21,RIGHT,Cz,False,9.973270667294114,5.265436607299995e-13,5.095038170557311e-13,8.595358319565467e-13,6.192368117161219e-13,3.603654286315235e-13,4.864384163111739e-13,0.6125907043705637,0.8227931663876986,34.313687837153466,-34.98476203957982,27.95683569042564
A18,A18_R2_acquisition,21,RIGHT,C4,False,9.973270667294114,9.337723751631567e-13,4.810389036185385e-13,1.2391084968576149e-12,8.866088912308117e-13,7.44501947591565e-13,2.9544029273626004e-13,0.7535840303986358,0.542560432651142,-28.00266317159948,60.317055758954304,28.447840243267144
A18,A18_R2_acquisition,22,RIGHT,C3,False,7.448191385798904,7.970434449890445e-13,8.578110226117635e-13,1.1127209800386359e-12,1.3452868990181134e-12,2.010668273931376e-13,3.6807032597141837e-13,0.7163012644565843,0.6376416980183598,-10.981352447827781,-83.05870279225412,-20.900650131662154
A18,A18_R2_acquisition,22,RIGHT,Cz,False,7.448191385798904,1.1078208744788951e-12,1.499483459552358e-12,5.274588684565758e-13,4.166795814304727e-13,6.77577399290232e-13,4.0095736078678494e-13,2.100298128876942,3.5986487612486053,71.33990226296359,40.82486204427847,21.002450361723934
A18,A18_R2_acquisition,22,RIGHT,C4,False,7.448191385798904,4.3243222595644776e-13,6.490815921984973e-13,9.91392998857471e-13,1.08793796618811e-12,2.1785447180922827e-13,4.713022480817981e-13,0.4361864835184468,0.5966163626706891,36.78011245514845,-116.3381105596538,-9.73831441637192
A18,A18_R2_acquisition,23,RIGHT,C3,False,6.158538362328092,1.50591857519161e-13,4.98850842287818e-13,1.2068003829122866e-12,1.0057633729434457e-12,7.416741067371872e-13,3.4216995656208334e-13,0.12478605380928721,0.4959922539512368,297.47410773103763,53.8651877618627,16.65867966363189
A18,A18_R2_acquisition,23,RIGHT,Cz,False,6.158538362328092,3.2962042892470064e-13,5.886889592679994e-13,5.983143924306152e-13,4.700483704231509e-13,7.279696124468614e-13,7.249044117545814e-13,0.5509150926248624,1.2524008087466505,127.33100354530578,0.42106162673152836,21.437896803115763
A18,A18_R2_acquisition,23,RIGHT,C4,False,6.158538362328092,3.568410575840878e-13,7.131490350274423e-13,9.153034590807943e-13,1.0715620216330357e-12,1.281747000668478e-12,3.050676566105136e-13,0.3898609297756289,0.6655228728063913,70.7077631988951,76.19907388498592,-17.07177668804684
A18,A18_R2_acquisition,24,RIGHT,C3,False,11.045038800292634,4.3450370243383136e-13,3.18330255007929e-13,1.1785267928047955e-12,1.210486158717452e-12,4.678590896962146e-13,5.629637813089527e-13,0.36868377120196716,0.26297719533217123,-28.67133953989237,-20.327635757700147,-2.711806478034819
A18,A18_R2_acquisition,24,RIGHT,Cz,False,11.045038800292634,3.854581452866883e-13,7.537857529935712e-13,5.29282026726645e-13,7.151789353312352e-13,3.2380950096181847e-13,3.146215476631016e-13,0.7282660771055494,1.0539820396757844,44.724857138035865,2.837456365988552,-35.122467648159756
A18,A18_R2_acquisition,24,RIGHT,C4,False,11.045038800292634,1.725254514564544e-13,4.2091905572933226e-13,9.321781337450113e-13,9.459684779880437e-13,3.6471097050225745e-13,1.2663122044539192e-12,0.18507777130894076,0.44496097441277777,140.41837723992654,-247.20979265033685,-1.479367917334635
A18,A18_R2_acquisition,25,RIGHT,C3,False,7.41242220987905,4.842672767925644e-13,7.530100162216837e-13,1.3558393932855418e-12,1.3120657491432625e-12,3.7364479997422104e-13,5.818260110047864e-13,0.35717156411797585,0.5739118003144091,60.68238851311319,-55.716341039652754,3.2285272399561054
A18,A18_R2_acquisition,25,RIGHT,Cz,False,7.41242220987905,4.403816838896102e-13,7.054823462098217e-13,7.914113163529598e-13,5.392461407674266e-13,5.28012999150117e-13,3.842830944540116e-13,0.5564510827555633,1.3082751880353127,135.1105476435939,27.220902691307067,31.862720481124718
A18,A18_R2_acquisition,25,RIGHT,C4,False,7.41242220987905,2.9816960997211637e-13,8.317359897361727e-13,1.0092337156169085e-12,8.310269113104437e-13,2.645188503427872e-13,3.8607974877118767e-13,0.29544158638205614,1.0008532556720826,238.76519143036603,-45.95547662137158,17.657634851956303
A18,A18_R2_acquisition,26,LEFT,C3,False,7.383698750111644,2.2787154166246856e-13,4.953485530243761e-13,1.4286892678402855e-12,1.5052999046459706e-12,7.457433133750225e-13,6.207098664440495e-13,0.1594969226632019,0.3290696767438356,106.31725756785175,16.766284683815282,-5.362302253554089
A18,A18_R2_acquisition,26,LEFT,Cz,False,7.383698750111644,8.959223315372055e-13,6.07778863431298e-13,6.875489288371872e-13,6.310003400981432e-13,2.1741216870723407e-13,3.2647802266169446e-13,1.3030670167029836,0.9631989474629548,-26.08216345617911,-50.16547813444969,8.224663928235827
A18,A18_R2_acquisition,26,LEFT,C4,False,7.383698750111644,3.2731625256778695e-13,5.433437889138326e-13,9.406484740120337e-13,1.0229429144665027e-12,6.967432728025591e-13,6.621971829824719e-13,0.3479687275435899,0.531157488096199,52.645179308436894,4.958223662659868,-8.748692282832133
A18,A18_R2_acquisition,27,RIGHT,C3,False,7.514820310437174,4.4571291066941527e-13,7.142608130116331e-13,1.4921274647303493e-12,1.3351065143903128e-12,2.941753494584582e-12,4.1190354799223406e-13,0.29870967541634424,0.5349841419490086,79.09836405645142,85.99802638968563,10.523293354727747
A18,A18_R2_acquisition,27,RIGHT,Cz,False,7.514820310437174,7.242010337086862e-13,6.059619888217774e-13,5.727286797340307e-13,4.675583282737854e-13,4.525051845667007e-13,5.988999210555934e-13,1.2644748889561417,1.296013678248391,2.494220293950284,-32.35205727622193,18.363032127024855
A18,A18_R2_acquisition,27,RIGHT,C4,False,7.514820310437174,3.6245221650087734e-13,6.335188079331181e-13,8.189651133503502e-13,8.559560558539419e-13,7.844422780931543e-13,6.54137627483474e-13,0.44257345104494294,0.7401300611175535,67.2332715326826,16.61112031422232,-4.516790996415396
A18,A18_R2_acquisition,28,LEFT,C3,False,9.294185637284729,3.449881237894787e-13,5.547476198877478e-13,1.209964712110871e-12,1.4482571940432197e-12,2.1430270677009703e-13,2.687151345769148e-12,0.2851224670739545,0.3830449606392169,34.344011740002045,-1153.904528911019,-19.69416789987455
A18,A18_R2_acquisition,28,LEFT,Cz,False,9.294185637284729,1.009718955106286e-12,7.910604224687158e-13,4.658302991935091e-13,4.1805005295883994e-13,5.337667035319706e-13,4.970851952338347e-13,2.167568225713119,1.8922624620420785,-12.701134866491518,6.872198669458376,10.257006965281349
A18,A18_R2_acquisition,28,LEFT,C4,False,9.294185637284729,6.87114487708991e-13,3.9590477675731915e-13,7.725431478603666e-13,9.446674776298986e-13,5.496081569353356e-13,1.1914774973183312e-12,0.8894189141564731,0.4190943227458356,-52.879985339270014,-116.7867201902746,-22.280222178689566
A18,A18_R2_acquisition,29,LEFT,C3,False,9.193002234489652,3.9181740515791677e-13,7.505125546688332e-13,1.1242644686463042e-12,1.3080848897142884e-12,7.865636302132721e-13,4.72782434322948e-12,0.34850999572164126,0.5737491202369596,64.62917198369807,-501.07334761302894,-16.350282891117008
A18,A18_R2_acquisition,29,LEFT,Cz,False,9.193002234489652,7.941597401194568e-13,5.34736184293072e-13,5.654648652665963e-13,4.903810210499487e-13,1.744911265891579e-12,4.776254513144079e-13,1.4044369312760734,1.090450407620089,-22.356754985835913,72.62752206082179,13.278251015869621
A18,A18_R2_acquisition,29,LEFT,C4,False,9.193002234489652,6.555415759603938e-13,1.2510991631014014e-12,8.180731272282078e-13,8.018624165649484e-13,6.297553376373636e-13,1.2592764749606894e-12,0.8013239332056991,1.5602416789415223,94.707984410221,-99.96281090448292,1.981572322047119
A18,A18_R2_acquisition,30,RIGHT,C3,False,8.056707596523225,4.827094177811861e-13,5.555214291688402e-13,1.266632410763537e-12,1.1883057056635713e-12,6.381064275432364e-13,4.1457343295988904e-13,0.3810966888887713,0.46749033226145037,22.669743897432372,35.03067590840109,6.183854481723686
A18,A18_R2_acquisition,30,RIGHT,Cz,False,8.056707596523225,1.860038521407627e-12,7.338440038473559e-13,7.083424010169793e-13,4.817540173877787e-13,9.121885798006543e-13,6.857675199449581e-13,2.625903120774837,1.5232753176122706,-41.990422054763734,24.821738056091128,31.988538777840187
A18,A18_R2_acquisition,30,RIGHT,C4,False,8.056707596523225,2.8135246395757293e-13,4.1607650995339633e-13,7.959065411585632e-13,1.0101231192198833e-12,7.573513311185158e-13,5.022550859554295e-13,0.35349937386872277,0.411906729027974,16.522619126601807,33.682682617899424,-26.9147904915438
A18,A18_R2_acquisition,31,LEFT,C3,False,6.744231443165734,7.624767061742095e-13,3.9101538981284096e-13,1.306705776810043e-12,1.209768418552529e-12,1.427420234997967e-13,4.918755730569806e-13,0.5835106262678224,0.32321507473363,-44.608536642950654,-244.5905844663055,7.418453333401462
A18,A18_R2_acquisition,31,LEFT,Cz,False,6.744231443165734,5.419123015819866e-13,8.731158141917778e-13,7.790089840681609e-13,5.565553455470418e-13,6.355600531183504e-13,4.398952424749905e-13,0.6956431988139574,1.568785245128832,125.5157885254316,30.786203393894606,28.555978566436536
A18,A18_R2_acquisition,31,LEFT,C4,False,6.744231443165734,4.345090623903567e-13,4.3224674529294417e-13,1.328980721134873e-12,1.0094982561644404e-12,2.068305493390374e-13,4.2402125963175725e-13,0.3269491088022037,0.4281797840198885,30.962211699719578,-105.00900905924686,24.039661365261416
A18,A18_R2_acquisition,32,LEFT,C3,False,7.571765537813142,4.0399834970205145e-13,3.681197367427916e-13,1.1643624506449837e-12,1.6130052484971373e-12,5.332974487872792e-13,1.0068926342127183e-12,0.3469695793421213,0.22821980094967118,-34.22483856296798,-88.80507238547581,-38.53119770425727
A18,A18_R2_acquisition,32,LEFT,Cz,False,7.571765537813142,1.0054631083491178e-12,6.73336731914182e-13,7.525252477890487e-13,5.861561022452326e-13,4.556509230220345e-13,3.843870553696945e-13,1.3361187698395653,1.1487327852341889,-14.024650265775167,15.640013890390774,22.108114781878186
A18,A18_R2_acquisition,32,LEFT,C4,False,7.571765537813142,4.1111295889412907e-13,4.127875589684082e-13,1.0038855787687225e-12,8.722814516988613e-13,5.173983628477114e-13,6.204791746086712e-13,0.4095217299548859,0.4732274865692264,15.556135842012228,-19.92291030717856,13.109474809995298
A18,A18_R2_acquisition,33,RIGHT,C3,False,6.89462306207754,6.058217425818894e-13,3.219041288499884e-13,1.263075244288376e-12,1.1553180532591668e-12,3.1659089112828803e-13,3.0386607479993826e-13,0.47964026317625513,0.2786281474109167,-41.908932839416735,4.0193248400167825,8.53133584214298
A18,A18_R2_acquisition,33,RIGHT,Cz,False,6.89462306207754,7.960728284387585e-13,1.0552890851833784e-12,5.875787864072721e-13,5.356370098684494e-13,6.233824949843008e-13,5.620322373725995e-13,1.3548358907004032,1.9701571507214444,45.416663689278366,9.841511127649866,8.839967973728033
A18,A18_R2_acquisition,33,RIGHT,C4,False,6.89462306207754,6.101254821794225e-13,3.8972113411230425e-13,1.038682828191318e-12,1.0493112604208965e-12,3.000768099741344e-13,3.142538223561279e-13,0.5874030701382134,0.371406606230434,-36.771422365388105,-4.7244611748623715,-1.023260608638934
A18,A18_R2_acquisition,34,LEFT,C3,False,7.056029367902705,5.965765082989338e-13,7.60341644407507e-13,1.0435359443980478e-12,1.2391344654626521e-12,2.460932336550177e-13,1.0042408755126907e-12,0.5716875508711512,0.6136070504048328,7.332589186139113,-308.0733389526961,-18.743822109302915
A18,A18_R2_acquisition,34,LEFT,Cz,False,7.056029367902705,7.500757753430172e-13,8.545597204586447e-13,6.830395717044468e-13,5.495740322148902e-13,5.989920035481442e-13,2.840954251488688e-13,1.0981439530235257,1.5549492340724378,41.59794167159848,52.57108217371477,19.539942489204353
A18,A18_R2_acquisition,34,LEFT,C4,False,7.056029367902705,5.917917356036933e-13,5.094643926110352e-13,1.0597590293915226e-12,9.44729115199782e-13,4.525627600664318e-13,4.672473176299882e-13,0.5584210364723006,0.5392703415341431,-3.429436516062804,-3.244756055801156,10.854346224139917
A18,A18_R2_acquisition,35,LEFT,C3,False,7.602972268195065,4.1675442587937503e-13,5.993402627846679e-13,1.8478724503519388e-12,1.3024852822323391e-12,7.708270190028888e-13,4.927357436041327e-13,0.22553203052515966,0.4601512746136019,104.02923413677546,36.077001524736886,29.514329737191943
A18,A18_R2_acquisition,35,LEFT,Cz,False,7.602972268195065,8.730795659841803e-13,3.0627207355384717e-13,7.646747910735911e-13,8.046871678129172e-13,7.618554157966023e-13,4.973139376553625e-13,1.141765854159244,0.3806101126059621,-66.66478409566469,34.72331792307771,-5.2326004736143235
A18,A18_R2_acquisition,35,LEFT,C4,False,7.602972268195065,3.022283941278253e-13,6.652518513499026e-13,9.012102946027127e-13,1.0850578799013204e-12,4.3179853181014915e-13,3.9622908148333056e-13,0.335358346368046,0.6131026405802457,82.82015259801626,8.237510715404094,-20.400076031050517
A18,A18_R2_acquisition,36,LEFT,C3,False,7.148805839643051,9.851967331338934e-13,2.545933081452036e-13,1.258627999418986e-12,1.5819623322919315e-12,3.8017958728691685e-13,1.9373157370180466e-12,0.7827545021949971,0.1609351265502961,-79.43989768196766,-409.57910466560065,-25.689427934401966
A18,A18_R2_acquisition,36,LEFT,Cz,False,7.148805839643051,5.601803326765117e-13,2.0304849880978264e-13,5.714968356281208e-13,5.920125363051794e-13,6.976377157882329e-13,3.2226508597758533e-13,0.9801984853701396,0.3429800660591285,-65.00912099148843,53.80624087769239,-3.589818770301708
A18,A18_R2_acquisition,36,LEFT,C4,False,7.148805839643051,1.073941991462116e-12,5.488357390918581e-13,8.459519233947646e-13,8.764785112339666e-13,4.88114242293836e-13,7.520112944663387e-13,1.2695071218142495,0.6261827666706505,-50.67512770028621,-54.06460809919194,-3.608548783328052
A18,A18_R2_acquisition,37,RIGHT,C3,False,10.057517287918516,4.570577711815269e-13,3.4015318839114023e-13,1.2501085781101381e-12,1.2523846566138797e-12,6.515856725959997e-13,3.005993851017174e-13,0.3656144587636441,0.2716044041219935,-25.712893018387046,53.866483296955955,-0.18207046520570971
A18,A18_R2_acquisition,37,RIGHT,Cz,False,10.057517287918516,7.816583714377132e-13,1.1132371535124615e-12,7.490132318030422e-13,4.939509491674467e-13,2.1158905270748984e-13,3.0913979165134405e-13,1.043584196177799,2.25374028613331,115.96151938557459,-46.1038686527477,34.053107716348826
A18,A18_R2_acquisition,37,RIGHT,C4,False,10.057517287918516,3.3775121603774414e-13,4.469245354269599e-13,9.88765472870335e-13,8.03402098914841e-13,5.126675279870582e-13,1.819879084612005e-13,0.34158880473169223,0.5562899773732518,62.85369124149163,64.50176800240123,18.746950519762148
A18,A18_R2_acquisition,38,LEFT,C3,False,7.180162527568903,2.8308182028646187e-13,5.519640865626093e-13,1.6017405982133506e-12,1.4177131602567165e-12,7.293770377932521e-13,6.53029701881085e-13,0.1767338735137408,0.3893341065287571,120.29399276335496,10.467471822688276,11.489216054204165
A18,A18_R2_acquisition,38,LEFT,Cz,False,7.180162527568903,3.7854182528830977e-13,1.026320781929343e-12,5.235491118635258e-13,5.093623911110056e-13,6.459533413763235e-13,3.836066526722083e-13,0.7230302118953545,2.0149127612087017,178.67615046497167,40.61387594112245,2.709721099902908
A18,A18_R2_acquisition,38,LEFT,C4,False,7.180162527568903,4.2515835933668104e-13,6.74608840310827e-13,1.1523745931658902e-12,8.597683407055004e-13,5.142587221109578e-13,5.51949112009599e-13,0.36894110808938785,0.784640243623373,112.67357483874329,-7.329071589476917,25.391591778895428
A18,A18_R2_acquisition,39,RIGHT,C3,False,7.617507195620165,6.638202239383511e-13,6.424821993498457e-13,1.4455696324923282e-12,1.4498304523049747e-12,7.350923289543042e-13,7.736412986771557e-13,0.459210133512454,0.4431429884290348,-3.4988655325445723,-5.244099034156545,-0.2947502297278014
A18,A18_R2_acquisition,39,RIGHT,Cz,False,7.617507195620165,1.0773421672181154e-12,5.501579615477702e-13,8.226393216927424e-13,5.555705821397924e-13,2.9582516253702703e-13,4.74381173724168e-13,1.3096166677290257,0.9902575464467982,-24.385694619786747,-60.35862860881281,32.46486431057094
A18,A18_R2_acquisition,39,RIGHT,C4,False,7.617507195620165,4.429145574039022e-13,5.745111161206135e-13,1.1379206876662529e-12,8.986560087529038e-13,5.948044731194015e-13,6.415642989830886e-13,0.3892314835335932,0.6393003669088939,64.2468284181637,-7.861377642044149,21.026481151692035
A18,A18_R2_acquisition,40,RIGHT,C3,False,8.312208529546247,2.1659328702018286e-13,4.1610290585258937e-13,1.1352640131902863e-12,1.304244676362253e-12,7.445327925768976e-13,4.151244475283634e-13,0.19078671084756632,0.3190374577668716,67.22205459151415,44.24363148712646,-14.884701814611567
A18,A18_R2_acquisition,40,RIGHT,Cz,False,8.312208529546247,7.48093071122188e-13,8.067920794287244e-13,4.92599132654082e-13,5.842813086352298e-13,1.2369710665768783e-12,5.394337604026802e-13,1.5186650189405055,1.380828151619701,-9.076186361161216,56.390753593333606,-18.61192395674188
A18,A18_R2_acquisition,40,RIGHT,C4,False,8.312208529546247,4.862137031220354e-13,4.095983303270914e-13,1.2730520976589275e-12,1.1318376635669008e-12,2.4444446018020867e-12,5.811823086776526e-13,0.3819275770537243,0.3618878780162459,-5.246989283169653,76.22436163007357,11.09258877556639
A18,A18_R3_onlineT,1,RIGHT,C3,False,7.014556655742262,7.419827698933779e-13,4.2198276993531434e-13,2.2715956892888646e-12,2.0156719942098916e-12,6.43499732699061e-13,3.8369765381570387e-13,0.3266350492704358,0.2093509118286501,-35.906782723944886,40.37330020226382,11.266252013318942
A18,A18_R3_onlineT,1,RIGHT,Cz,False,7.014556655742262,4.638146187632804e-13,4.991669481940218e-13,5.894331672448131e-13,4.3071291068105003e-13,3.1454739679867575e-13,3.518182023449453e-13,0.7868824568038624,1.1589319377604241,47.28145579299635,-11.84902686386704,26.927608655900546
A18,A18_R3_onlineT,1,RIGHT,C4,False,7.014556655742262,1.0306604363244465e-12,4.802796790151418e-13,1.298697954252024e-12,9.9185305707062e-13,2.952811182713183e-13,4.351246662501218e-13,0.7936105796963762,0.4842246294361584,-38.98460506645266,-47.359461653863214,23.62711792813512
A18,A18_R3_onlineT,2,LEFT,C3,False,7.762125413232497,1.0032022566668028e-12,2.2932848719023053e-13,1.6356937627937374e-12,2.1027678351792057e-12,3.304041002522833e-13,3.7323120697306153e-13,0.6133191184597723,0.10906029821912618,-82.21801751541527,-12.962038512257315,-28.55510505754535
A18,A18_R3_onlineT,2,LEFT,Cz,False,7.762125413232497,2.617611163466228e-13,3.25534262978951e-13,6.810235675960495e-13,7.283518098015754e-13,2.1692752920105374e-13,3.1637360838894427e-13,0.3843642552204404,0.44694645993621707,16.28200433983763,-45.84299630118475,-6.949574795566952
A18,A18_R3_onlineT,2,LEFT,C4,False,7.762125413232497,1.0245677142246627e-12,3.520743092955107e-13,7.070173115174463e-13,1.072785785908043e-12,3.3386259933230373e-13,3.2207784487723356e-13,1.4491409156950759,0.3281869632505457,-77.35299861482885,3.5298216927079156,-51.734019582287274
A18,A18_R3_onlineT,3,RIGHT,C3,False,9.422539013436094,4.142878922474032e-13,7.012217568874116e-13,2.221072177092421e-12,2.5246257538651366e-12,4.926855406005793e-13,5.949045502273391e-13,0.18652608254709785,0.27775275436918095,48.90826557677175,-20.7473126778098,-13.666983896493369
A18,A18_R3_onlineT,3,RIGHT,Cz,False,9.422539013436094,7.897975274380045e-13,6.630646934499262e-13,8.667580472135117e-13,5.586347230112903e-13,5.639269840051013e-13,2.93424840298833e-13,0.9112087623265537,1.186937843526288,30.259704756978643,47.96758292804469,35.54894300581211
A18,A18_R3_onlineT,3,RIGHT,C4,False,9.422539013436094,5.056729627923069e-13,7.655340400748068e-13,1.004277144170412e-12,1.257901524061977e-12,1.1720097661387932e-12,1.3794575210034745e-12,0.5035193379911285,0.6085802627877959,20.865320727466973,-17.700172887477002,-25.254421188791735
A18,A18_R3_onlineT,4,LEFT,C3,False,10.613201006606628,6.660837398237255e-13,7.744952507767725e-13,3.5894321805763662e-12,2.6606003062802056e-12,9.597119737644663e-13,3.2845489824866837e-12,0.18556799691832326,0.2910979334057121,56.86860786336841,-242.24320132248158,25.876847021163535
A18,A18_R3_onlineT,4,LEFT,Cz,False,10.613201006606628,7.694204868561004e-13,7.600785601325394e-13,9.844077771196707e-13,7.109986763489207e-13,3.1169663685224715e-13,4.015026274557648e-13,0.7816074849666338,1.069029500920664,36.77319133737571,-28.811985753342654,27.773967976028363
A18,A18_R3_onlineT,4,LEFT,C4,False,10.613201006606628,6.116858288219878e-13,6.615605154446101e-13,1.7420867555570757e-12,1.1847428568674868e-12,2.983931486821441e-13,8.752042590294262e-13,0.3511224839238193,0.5584000879260886,59.03284850515041,-193.3057487729773,31.992889958649865
A18,A18_R3_onlineT,5,RIGHT,C3,False,9.807766378703638,6.732227356036798e-13,4.044396567586229e-13,2.333658973201384e-12,1.960140908584657e-12,1.6263898076863074e-12,7.792751838340421e-13,0.28848376876597887,0.20633193000938557,-28.47710951226367,52.08558365582514,16.005683302745965
A18,A18_R3_onlineT,5,RIGHT,Cz,False,9.807766378703638,1.294530853984196e-12,4.671476746339897e-13,6.877962191000972e-13,6.589092520799117e-13,1.0583038646892279e-12,3.645436719435022e-13,1.8821430214867156,0.7089711870935068,-62.33170492359893,65.55396950661701,4.199931057774767
A18,A18_R3_onlineT,5,RIGHT,C4,False,9.807766378703638,4.3218206673816696e-13,4.037612710099023e-13,1.3853331752414658e-12,1.3912819969463136e-12,2.8792547884687927e-12,2.2880366304954746e-12,0.3119697661631737,0.29020807564254175,-6.975576764464291,20.533721445601273,-0.42941451278035725
A18,A18_R3_onlineT,6,LEFT,C3,False,12.511923326117296,4.5172169310976547e-13,6.989893542824088e-13,3.9454208782982014e-12,3.823899735517019e-12,1.845511260550921e-12,4.441502717443917e-12,0.11449265035181973,0.1827948959513972,59.65644553575651,-140.66516484532542,3.0800552470741356
A18,A18_R3_onlineT,6,LEFT,Cz,False,12.511923326117296,9.863543117388793e-13,4.815093208972658e-13,5.948983333125089e-13,8.159912621618919e-13,3.621006614607741e-13,4.85419372691418e-13,1.658021642532881,0.5900912708569357,-64.40991747517353,-34.05647223431069,-37.164825730523546
A18,A18_R3_onlineT,6,LEFT,C4,False,12.511923326117296,4.206014192781342e-13,4.62613230766398e-13,1.053056472013375e-12,9.898669277123007e-13,5.761480529359053e-13,1.1866085407770734e-12,0.3994101270504247,0.4673489110658053,17.009780026634985,-105.95548917164871,6.0005845821601635
A18,A18_R3_onlineT,7,RIGHT,C3,False,8.316912366733657,3.068910210333087e-13,6.104530528345049e-13,2.68689957221325e-12,2.6391347354941058e-12,9.751381208077242e-13,1.5483642636013386e-12,0.11421752573376487,0.23130802858392688,102.51535576343502,-58.78409740753454,1.7776934133715792
A18,A18_R3_onlineT,7,RIGHT,Cz,False,8.316912366733657,7.579344215716056e-13,5.844511008461549e-13,7.821435014039403e-13,6.431219728357462e-13,3.9100494382217113e-13,5.241735506143861e-13,0.9690477773082821,0.908771781298513,-6.22012633651535,-34.05803657888786,17.774427367695544
A18,A18_R3_onlineT,7,RIGHT,C4,False,8.316912366733657,5.647965169450171e-13,3.511755672181967e-13,1.2933669429850876e-12,1.6266729196901262e-12,6.608798061043084e-13,2.612682450268022e-12,0.43668698972734543,0.2158857893110399,-50.56280713885415,-295.33398147978147,-25.7704109814164
A18,A18_R3_onlineT,8,LEFT,C3,False,7.864649625360639,1.0252146237962582e-12,4.758166566910886e-13,2.88564204571116e-12,3.071390800624441e-12,3.1264734672640725e-13,4.934155238699295e-13,0.35528128837740036,0.15491895612709097,-56.39540803440031,-57.81855468669932,-6.4369991832269555
A18,A18_R3_onlineT,8,LEFT,Cz,False,7.864649625360639,8.752423210477382e-13,8.923985366379426e-13,7.692969179480001e-13,5.82419746971891e-13,8.942759380541478e-13,2.6740222643674186e-13,1.1377171812703133,1.5322257551837641,34.67545189683819,70.0984656907373,24.291943281740913
A18,A18_R3_onlineT,8,LEFT,C4,False,7.864649625360639,7.657637769394296e-13,4.758951009104744e-13,9.558483097041247e-13,1.2766978040705406e-12,2.1268680988769383e-13,3.922082711255866e-13,0.8011352524925902,0.37275469527178734,-53.47168981616684,-84.40648544810394,-33.56698872708498
A18,A18_R3_onlineT,9,LEFT,C3,False,10.393953923828743,3.0131896922257684e-13,5.899938389072794e-13,2.2061322356915603e-12,3.1914899411908582e-12,5.413107080739129e-13,4.00088989292493e-12,0.13658246062848622,0.18486470262448382,35.350250518131055,-639.1115367292218,-44.66448971452593
A18,A18_R3_onlineT,9,LEFT,Cz,False,10.393953923828743,7.21840474331246e-13,5.886883383175944e-13,7.329136352250493e-13,5.23737852843537e-13,4.917692342005816e-13,3.013356958168591e-13,0.9848915883651106,1.1240133496584614,14.125591378467213,38.724166771695394,28.540304386243623
A18,A18_R3_onlineT,9,LEFT,C4,False,10.393953923828743,8.72622110814041e-13,5.917967994955382e-13,1.0435982630371822e-12,1.3249078792981593e-12,6.300502999311034e-13,9.786967622241955e-13,0.8361666952898622,0.4466701487268907,-46.58120788079824,-55.33629018686555,-26.95573825911536
A18,A18_R3_onlineT,10,LEFT,C3,False,9.480485085217081,3.3930325315647046e-13,3.8492314207151497e-13,2.270764845775376e-12,2.183974875293128e-12,1.0088213549299501e-12,6.41085138892616e-13,0.14942245287429218,0.17624888748770587,17.953416034458048,36.45206500043496,3.822058926256303
A18,A18_R3_onlineT,10,LEFT,Cz,False,9.480485085217081,4.965275212156508e-13,2.7390161910478526e-13,6.656498948058808e-13,4.644503362462039e-13,3.21309114756653e-13,5.327047492249295e-13,0.7459289411597517,0.5897328470435012,-20.93980880717683,-65.79198185161331,30.226033254065406
A18,A18_R3_onlineT,10,LEFT,C4,False,9.480485085217081,1.8354289767291026e-13,4.938176632505734e-13,1.3147707763071036e-12,1.3550030592775474e-12,8.549153156924836e-13,3.402345332006034e-13,0.13960068247671364,0.3644402570676587,161.05907979959184,60.202545567333466,-3.060022605875625
A18,A18_R3_onlineT,11,RIGHT,C3,False,9.038795202688538,3.103123496585759e-13,2.575626663185655e-13,2.9533805670880704e-12,3.2305979859647443e-12,2.4741360882859254e-13,1.2589547676498473e-12,0.10507022126326679,0.07972600349456674,-24.12121861359451,-408.84620842422925,-9.386444197741866
A18,A18_R3_onlineT,11,RIGHT,Cz,False,9.038795202688538,5.950670105928168e-13,3.899534256371124e-13,6.385898271459213e-13,7.589034034460983e-13,2.8166189283299523e-13,3.1774670945976597e-13,0.9318454276861518,0.5138380245316809,-44.85801944560884,-12.811394634831336,-18.840509382665868
A18,A18_R3_onlineT,11,RIGHT,C4,False,9.038795202688538,4.729336695945107e-13,3.3559275255678464e-13,7.669395177540151e-13,2.16878644799554e-12,4.494480683058059e-13,3.306733596617527e-12,0.6166505423784897,0.15473757357113235,-74.90676437674207,-635.732074471308,-182.78454790631184
A18,A18_R3_onlineT,12,RIGHT,C3,False,11.754448664270141,9.077231127574454e-13,1.2502791823420213e-12,3.906588068302558e-12,2.7056943717781098e-12,1.0842330605474804e-12,1.2868141505971693e-12,0.2323570074159004,0.46209179993983257,98.87147156819994,-18.68427531137965,30.740218203918424
A18,A18_R3_onlineT,12,RIGHT,Cz,False,11.754448664270141,6.001956256943908e-13,6.973594338164134e-13,8.617488365151688e-13,6.417548940602484e-13,2.0149262040147425e-13,6.017323461778878e-13,0.6964855654711707,1.0866445122130144,56.01823872371313,-198.63741162278575,25.528777427139342
A18,A18_R3_onlineT,12,RIGHT,C4,False,11.754448664270141,7.165264489513775e-13,1.1366703262272426e-12,1.5441362229173601e-12,1.3235356724078595e-12,2.4308556767201103e-12,2.7452887588418745e-12,0.4640305941386655,0.8588135174017186,85.07691696403121,-12.935078175682586,14.28633997670987
A18,A18_R3_onlineT,13,LEFT,C3,False,11.015272107360701,5.298581793601419e-13,4.224761002626824e-13,2.8051432587130526e-12,2.6589334013813676e-12,5.982302854292721e-13,4.028522643225738e-12,0.18888809964138192,0.15888931255036243,-15.88177717282053,-573.4066698637617,5.212206431081291
A18,A18_R3_onlineT,13,LEFT,Cz,False,11.015272107360701,3.3790282941483935e-13,6.815784651519685e-13,8.232641103287911e-13,7.767926367299722e-13,6.101255327207398e-13,9.265587166412524e-13,0.41044280343994277,0.8774265266225716,113.77559047663003,-51.86361936197596,5.644783128012146
A18,A18_R3_onlineT,13,LEFT,C4,False,11.015272107360701,4.908645876833158e-13,3.733189384645301e-13,1.474070935250624e-12,1.165666571763538e-12,3.470809680002327e-13,1.2425028110106662e-12,0.33299929870732997,0.32026219804839695,-3.824963208144033,-257.98644280888175,20.92194860586208
A18,A18_R3_onlineT,14,LEFT,C3,False,13.320721155028751,4.2458644594336015e-13,1.0484167395837633e-12,3.746360466558353e-12,3.3409414518051308e-12,3.1627108326695266e-12,6.093049577683455e-12,0.11333304676189168,0.3138087735770699,176.89079447089242,-92.65275581772168,10.821676621141213
A18,A18_R3_onlineT,14,LEFT,Cz,False,13.320721155028751,6.513274891421464e-13,6.47724994055115e-13,9.657457633264213e-13,9.875969885975138e-13,1.1654759932359138e-12,5.379864869749742e-13,0.674429558871384,0.6558596285059041,-2.753427711050441,53.8397624578033,-2.262627090988009
A18,A18_R3_onlineT,14,LEFT,C4,False,13.320721155028751,4.276085096707746e-13,9.887478672514282e-13,1.6396545348538137e-12,1.514857313789191e-12,3.1343023238176877e-12,1.5153748632451088e-12,0.26079183180431287,0.6527003291011099,150.276369695071,51.65192420240655,7.611189943480939
A18,A18_R3_onlineT,15,RIGHT,C3,False,10.206411214336134,3.2905327965705973e-13,6.163090285359691e-13,3.115514747495531e-12,2.8293815123034277e-12,2.877302604331814e-13,9.581523713464826e-13,0.10561762865079544,0.21782464678445776,106.238910650658,-233.00368543231173,9.18413996987552
A18,A18_R3_onlineT,15,RIGHT,Cz,False,10.206411214336134,2.775004994484837e-13,3.8836348611586397e-13,6.721955122801691e-13,6.377602443031162e-13,3.0723267324398156e-13,3.1325638810165844e-13,0.41282706352377774,0.6089490362326218,47.5070532040223,-1.9606361504699998,5.122805396341357
A18,A18_R3_onlineT,15,RIGHT,C4,False,10.206411214336134,7.353690213667946e-13,5.911893577403192e-13,1.3953859605439166e-12,1.2487439448506448e-12,2.593711378292652e-13,1.308413043071718e-12,0.5270004444362837,0.47342720673694877,-10.16569118013564,-404.4559136464135,10.509064863753627
A18,A18_R3_onlineT,16,LEFT,C3,False,9.02857355169423,3.3781853748910805e-13,4.834537260414064e-13,2.1072155706070254e-12,3.5859488752446623e-12,3.7849681212754055e-13,6.576255541358375e-13,0.16031512969116524,0.1348189120539041,-15.903812501276487,-73.74665599937471,-70.17475218312184
A18,A18_R3_onlineT,16,LEFT,Cz,False,9.02857355169423,6.28630483710494e-13,6.025049356060354e-13,6.441987262436756e-13,5.405135962294156e-13,6.330282038823326e-13,4.4127200995125297e-13,0.9758331677804454,1.114689694781162,14.229535496989604,30.291887905633235,16.095208790437745
A18,A18_R3_onlineT,16,LEFT,C4,False,9.02857355169423,2.8497246058605487e-13,5.645338091449568e-13,1.2065627501748203e-12,1.1535354808685415e-12,3.486599936039667e-13,3.5629309956120357e-13,0.23618536254725656,0.48939440399344936,107.20776203712884,-2.1892692299842924,4.394903563747152
A18,A18_R3_onlineT,17,RIGHT,C3,False,11.664427801385495,2.4967001057801186e-13,1.4286954280116949e-12,3.7135868448179206e-12,3.6282594145405267e-12,6.142681411539505e-13,1.3404431453819757e-12,0.06723149908999997,0.3937688199157119,485.690971115474,-118.21791748207045,2.297709299473176
A18,A18_R3_onlineT,17,RIGHT,Cz,False,11.664427801385495,4.666227725636809e-13,7.793399278420827e-13,6.753779602008174e-13,8.830821653310585e-13,9.5321661347901e-13,3.726894775645996e-13,0.6909061296950451,0.882522553889327,27.7340750007325,60.90191124508697,-30.753773053014964
A18,A18_R3_onlineT,17,RIGHT,C4,False,11.664427801385495,4.364753756929545e-13,1.5677445073683614e-12,1.653368358752039e-12,1.4334758831708565e-12,6.361562829959996e-13,3.07484424513157e-12,0.26399161044935304,1.093666468877385,314.2807671106675,-383.3473043212726,13.299666370001
A18,A18_R3_onlineT,18,RIGHT,C3,False,11.055735454997164,4.38386103502828e-13,4.0926347334624376e-13,3.6349127219192477e-12,2.0209551397439317e-12,1.0640286761276838e-12,5.965047180200287e-13,0.120604299756435,0.20250992478640575,67.9126906713793,43.93903741477284,44.40154979355709
A18,A18_R3_onlineT,18,RIGHT,Cz,False,11.055735454997164,7.949163821866215e-13,9.68425588784222e-13,7.537969380174744e-13,6.893363975309265e-13,3.035423602765643e-13,6.838249458314937e-13,1.0545497628012306,1.4048664661447452,33.219551670369576,-125.2815538524657,8.55144631604402
A18,A18_R3_onlineT,18,RIGHT,C4,False,11.055735454997164,2.5113216391492707e-13,3.433964053219027e-13,1.569445219478368e-12,1.2189099586826494e-12,1.6670391770956743e-12,1.7434033796779935e-12,0.1600133351569895,0.2817241773075939,76.0629368990988,-4.580828311147516,22.33497903878576
A18,A18_R3_onlineT,19,RIGHT,C3,False,11.455528999773598,6.546775288349856e-13,1.4060382429618717e-12,3.4903003882829244e-12,3.206216558564349e-12,7.114080036871928e-13,1.4428862968740336e-12,0.18757054006949195,0.43853502010215273,133.7973862738159,-102.82120659250735,8.13923726084597
A18,A18_R3_onlineT,19,RIGHT,Cz,False,11.455528999773598,7.125596846334032e-13,5.269665590588721e-13,8.318742523602424e-13,6.033738434097005e-13,3.5424639592758095e-13,5.033248081934244e-13,0.8565713899807418,0.8733665948808016,1.9607478251681296,-42.08325447475257,27.468142967789564
A18,A18_R3_onlineT,19,RIGHT,C4,False,11.455528999773598,5.348454024329705e-13,8.741940336000805e-13,1.1738762646559048e-12,1.8762700983679703e-12,3.182076340986036e-13,3.2925003138189525e-12,0.4556233212448062,0.4659212095105485,2.2601758482440024,-934.7018616148912,-59.835423447969305
A18,A18_R3_onlineT,20,LEFT,C3,False,12.818422557967418,7.840252769745113e-13,6.466554862399143e-13,2.6678260893267013e-12,3.995834581023416e-12,6.875284880422365e-13,3.3373900057060847e-12,0.29388170395034313,0.16183239649382394,-44.932809930498905,-385.418431927007,-49.77867549199484
A18,A18_R3_onlineT,20,LEFT,Cz,False,12.818422557967418,5.611708450358884e-13,7.838578042895422e-13,8.834043899553148e-13,9.635775639963463e-13,6.688915947505912e-13,6.786103800327396e-13,0.6352366497344145,0.8134869818248637,28.060460958128548,-1.4529686661367391,-9.075478337286388
A18,A18_R3_onlineT,20,LEFT,C4,False,12.818422557967418,6.513998513607112e-13,7.72027159456658e-13,1.3467050018330795e-12,1.6401498410884524e-12,6.802425446716119e-13,7.351977393395614e-13,0.48369899159359514,0.4707052612609576,-2.686325702236511,-8.07876471391233,-21.789838075595465
A18,A18_R3_onlineT,21,RIGHT,C3,False,9.806898747212024,4.4709160077277186e-13,7.309062013576235e-13,2.728875216251019e-12,3.077617986120865e-12,1.4994885937080443e-12,1.054513988232025e-12,0.1638373195337949,0.2374908791974155,44.955300705116805,29.675091050586374,-12.779725792993771
A18,A18_R3_onlineT,21,RIGHT,Cz,False,9.806898747212024,6.937567062888082e-13,7.39566473080046e-13,7.356832723510616e-13,5.210747691000147e-13,6.301765245199248e-13,4.230729165728701e-13,0.9430100321184869,1.4193096978335833,50.50844100195644,32.864380040946216,29.171317510755863
A18,A18_R3_onlineT,21,RIGHT,C4,False,9.806898747212024,5.253770276552943e-13,4.342362906698897e-13,1.3102767595826431e-12,1.4881193771295645e-12,5.452915387547712e-13,1.5885081381302702e-12,0.4009664552263298,0.29180205388326347,-27.2253202032692,-191.3135497678527,-13.572904826883205
A18,A18_R3_onlineT,22,RIGHT,C3,False,10.718458300882503,4.825972462151577e-13,5.595911559830078e-13,5.396846237210178e-12,3.826956006648632e-12,1.2235787446913295e-12,1.7396315430610496e-12,0.08942208560394883,0.1462235664613915,63.520639754497466,-42.17569164295217,29.08903017724436
A18,A18_R3_onlineT,22,RIGHT,Cz,False,10.718458300882503,7.593415768129305e-13,4.2246639056926154e-13,7.376824162983364e-13,6.957386518494025e-13,3.3047854494805494e-13,3.8322811731678004e-13,1.0293610909465336,0.6072199516963265,-41.010015140754305,-15.961572445502128,5.685883724788523
A18,A18_R3_onlineT,22,RIGHT,C4,False,10.718458300882503,5.463313709274307e-13,7.146828315046259e-13,1.487937033458395e-12,1.5130663251957803e-12,6.217262506185206e-13,2.347030816731382e-12,0.36717371679203314,0.4723407160701636,28.64230048843527,-277.5022872842272,-1.6888679542424951
A18,A18_R3_onlineT,23,RIGHT,C3,False,11.2299829484116,4.469762459812426e-13,8.404446998019612e-13,5.398448145752244e-12,3.798951327834569e-12,3.8634436391723993e-13,2.1890381206944036e-12,0.08279717317150574,0.22123071007625175,167.19597010636502,-466.60283548573375,29.628826187322648
A18,A18_R3_onlineT,23,RIGHT,Cz,False,11.2299829484116,6.029661877632244e-13,3.68912672414903e-13,8.593408467204051e-13,1.0513387564672487e-12,3.162919974678513e-13,5.85713568719981e-13,0.7016612675452227,0.35089800518201986,-49.990398300073736,-85.18127976965788,-22.342462886476987
A18,A18_R3_onlineT,23,RIGHT,C4,False,11.2299829484116,2.691604982623995e-13,7.981294172297026e-13,1.6150332885424605e-12,1.6664559395090606e-12,4.660255285761912e-13,3.4098819606294836e-12,0.16665941202073437,0.4789382055098512,187.37543214796997,-631.6942423835472,-3.1839994464143886
A18,A18_R3_onlineT,24,RIGHT,C3,False,11.097532844249425,7.744531468109669e-13,8.481126186808662e-13,2.6037983773780156e-12,2.160927896478788e-12,1.4641596785421412e-12,3.105727989381843e-12,0.29743207213717876,0.3924761303062716,31.9548788017916,-112.11675440169245,17.008631879753732
A18,A18_R3_onlineT,24,RIGHT,Cz,False,11.097532844249425,9.935054268058509e-13,8.020553750717321e-13,6.675715618999724e-13,6.501307850353562e-13,8.233001580986615e-13,5.840451297354911e-13,1.4882380908770882,1.2336831196635516,-17.10445208827544,29.06048614343869,2.6125703759725862
A18,A18_R3_onlineT,24,RIGHT,C4,False,11.097532844249425,3.7027878456361547e-13,6.924176947169009e-13,1.593533633607788e-12,1.2675771730324995e-12,6.111007887369496e-13,4.24075589118089e-12,0.23236333187728073,0.5462528905126851,135.08566782007605,-593.9535947819465,20.454947024702406
A18,A18_R3_onlineT,25,LEFT,C3,False,8.53886845660831,5.761952967014283e-13,3.4046442473936594e-13,3.1501693455107467e-12,3.2729960369069673e-12,2.949417980884383e-12,2.8326908029475456e-12,0.18290930851782763,0.10402225389221985,-43.12905410055656,3.95763430932352,-3.8990504295033777
A18,A18_R3_onlineT,25,LEFT,Cz,False,8.53886845660831,1.3345267236710072e-12,5.656237245975445e-13,5.109392642227503e-13,5.491064851476425e-13,7.733872071144013e-13,4.956457919723552e-13,2.6119087279407123,1.030080211938238,-60.56216662860282,35.91233635455802,-7.470011329615248
A18,A18_R3_onlineT,25,LEFT,C4,False,8.53886845660831,9.978729752827901e-13,3.568386699303586e-13,1.6329869605710828e-12,1.4159066764346303e-12,1.2457326791584717e-12,5.544919446864146e-13,0.6110722249330254,0.2520213202390625,-58.75752325894301,55.488689189643004,13.293448715630644
A18,A18_R3_onlineT,26,RIGHT,C3,False,11.857947709763101,4.1413330261677245e-13,8.546354171047879e-13,3.912578720754113e-12,2.657956870417284e-12,8.372243449791631e-13,8.879404301522175e-13,0.10584663777370647,0.32153848191322043,203.77770014825575,-6.057645776451556,32.06636696360227
A18,A18_R3_onlineT,26,RIGHT,Cz,False,11.857947709763101,1.0446672707905212e-12,5.088283637965475e-13,6.985934131667556e-13,8.363431374680342e-13,7.370586561179934e-13,2.5851731838076843e-13,1.4953866599672003,0.6083966508495389,-59.315094407563905,64.92581475911963,-19.718153893958554
A18,A18_R3_onlineT,26,RIGHT,C4,False,11.857947709763101,4.667709201548287e-13,9.787688683931853e-13,2.3371115727234338e-12,1.7625807794712214e-12,1.1008914806834292e-12,2.0715157795274297e-12,0.19972128228816266,0.5553044035160865,178.03967466766008,-88.16711872830923,24.582942464433234
A18,A18_R3_onlineT,27,RIGHT,C3,False,11.533419477317366,1.4550430649691523e-13,8.71899873772022e-13,3.095849138966328e-12,3.5667712053139428e-12,3.663213182643062e-13,2.6867192436805284e-12,0.04699980521192244,0.24445074370708855,420.1101208927537,-633.4324020263601,-15.211402274752011
A18,A18_R3_onlineT,27,RIGHT,Cz,False,11.533419477317366,4.729699318479607e-13,4.575785816874023e-13,6.960381332890598e-13,5.897481957805993e-13,3.6224642611001787e-13,4.4337048567509673e-13,0.6795172695682459,0.7758880569049382,14.18224254961537,-22.394716336122155,15.270706075570581
A18,A18_R3_onlineT,27,RIGHT,C4,False,11.533419477317366,5.6067553369301e-13,1.1220713092395917e-12,1.3262144728348047e-12,1.7872242348428876e-12,3.887778850868801e-13,5.089460248045151e-12,0.4227638479125907,0.6278290588076272,48.50585306845706,-1209.09201455937,-34.76132793383465
A18,A18_R3_onlineT,28,LEFT,C3,False,10.301513727785736,1.0776311121081036e-12,2.2232619489921383e-13,5.457766583421209e-12,3.167152647302935e-12,9.532582247332828e-13,5.029754773304912e-13,0.19744910223562345,0.07019749903388492,-64.44780035002863,47.23617753508276,41.969803968465044
A18,A18_R3_onlineT,28,LEFT,Cz,False,10.301513727785736,4.579363113429236e-13,6.954755670356139e-13,1.343309779013917e-12,5.839892772727531e-13,4.926087056962479e-13,1.9505204409587204e-13,0.3409014945749005,1.190904686270106,249.3398254986086,60.404263700498845,56.52609052682979
A18,A18_R3_onlineT,28,LEFT,C4,False,10.301513727785736,9.794904195670133e-13,2.771647283193722e-13,2.797724499302127e-12,1.3032818485745811e-12,3.959050208864685e-13,5.117716081259015e-13,0.35010252789770413,0.21266676016589306,-39.25586272029667,-29.266258604146223,53.41636215790098
A18,A18_R3_onlineT,29,LEFT,C3,False,11.677342437907301,5.87853419818294e-13,2.9718930901610623e-13,3.700470131216935e-12,3.829991770514805e-12,2.004449284189673e-12,3.927666702459988e-12,0.15885911761838023,0.07759528657581417,-51.15465341925311,-95.9474222391116,-3.5001401093670097
A18,A18_R3_onlineT,29,LEFT,Cz,False,11.677342437907301,6.225031028700182e-13,7.679154400159771e-13,9.461017916127632e-13,5.649574271407705e-13,2.8503788401308875e-13,5.430903100293066e-13,0.6579663080532533,1.359244791067479,106.58273446996422,-90.53267670355292,40.28576711838572
A18,A18_R3_onlineT,29,LEFT,C4,False,11.677342437907301,4.890295924784681e-13,2.526395905134355e-13,1.6662056190792097e-12,1.5838391892669375e-12,6.364615949095621e-13,6.064989145700968e-13,0.2934989456755758,0.1595108848331799,-45.65197347948975,4.707696517607299,4.9433532613933995
A18,A18_R3_onlineT,30,LEFT,C3,False,7.536580639415006,8.321266318602677e-13,6.775926729824953e-13,2.7488163171850374e-12,2.112464102744166e-12,8.798064875459348e-13,3.7196749787604843e-13,0.3027218030750117,0.3207593786338325,5.958465949791963,57.72166912367444,23.15004500164407
A18,A18_R3_onlineT,30,LEFT,Cz,False,7.536580639415006,1.3968782311199206e-12,7.07868308101591e-13,6.65177107390305e-13,5.628993348838924e-13,2.1873039320696208e-13,8.550251555108572e-13,2.100009479581017,1.2575397841740228,-40.11742344968269,-290.90367962802264,15.376021118297333
A18,A18_R3_onlineT,30,LEFT,C4,False,7.536580639415006,5.743522344670865e-13,6.899947182050367e-13,1.41343236909587e-12,1.052265148651176e-12,6.507100483416324e-13,4.238604828101649e-13,0.4063528238245189,0.6557232453146358,61.36795584268069,34.86185069826494,25.552493938972255
A18,A18_R3_onlineT,31,LEFT,C3,False,9.697059106252793,1.5125769859599214e-13,6.467507514983721e-13,3.893263918341763e-12,2.6717770697228265e-12,2.3208130135352935e-12,3.009192089293052e-12,0.03885112896749535,0.24206763312234986,523.0646046988102,-29.661117536959647,31.374365422912252
A18,A18_R3_onlineT,31,LEFT,Cz,False,9.697059106252793,9.710626882731823e-13,4.747499168448807e-13,7.994311922329638e-13,4.942456310925416e-13,5.460104863047356e-13,5.031407481018848e-13,1.2146920181595853,0.9605546047932378,-20.92196289816725,7.851449610974076,38.17533817863433
A18,A18_R3_onlineT,31,LEFT,C4,False,9.697059106252793,2.781215288505618e-13,6.273396583558135e-13,1.025469801614014e-12,1.1785633447194956e-12,7.770017815510811e-13,5.099336937059919e-13,0.2712137679849948,0.5322918459721175,96.26284090473133,34.371618468101516,-14.929112770022451
A18,A18_R3_onlineT,32,LEFT,C3,False,10.54459786540628,5.365463454183689e-13,5.391875548166423e-13,2.050385410671081e-12,1.8647511083688528e-12,4.546333792183642e-12,2.2710234870205743e-12,0.261680727255448,0.28914719631848557,10.496175760099174,50.04714587993807,9.053629690111332
A18,A18_R3_onlineT,32,LEFT,Cz,False,10.54459786540628,1.2182748188097642e-12,5.69710385108368e-13,6.535138346589681e-13,5.725631707826143e-13,1.217443813888201e-12,7.318246198537236e-13,1.864191321130199,0.9950175180315092,-46.6247103098698,39.888427580369,12.386985490306772
A18,A18_R3_onlineT,32,LEFT,C4,False,10.54459786540628,2.8422032397398874e-13,5.468317293807548e-13,1.182865429971779e-12,9.451193444807132e-13,1.00070590621036e-12,5.485976302768745e-13,0.24028119917307053,0.5785848449448532,140.79488821266793,45.1789355022001,20.09916592936002
A18,A18_R3_onlineT,33,RIGHT,C3,False,8.65562418141233,3.026687962997897e-13,7.395178867178142e-13,1.6952307673721327e-12,2.050134186827104e-12,3.248211590672916e-13,7.769440233031564e-13,0.17854135385294634,0.36071682110834463,102.0354463120321,-139.1913216288354,-20.935404564720486
A18,A18_R3_onlineT,33,RIGHT,Cz,False,8.65562418141233,2.791436128614109e-13,5.773592888913185e-13,7.042103916735289e-13,5.379011305561692e-13,7.71204557692551e-13,4.065843950138596e-13,0.3963923511523834,1.0733557824917583,170.7811539176579,47.27930599497976,23.616416781656984
A18,A18_R3_onlineT,33,RIGHT,C4,False,8.65562418141233,3.508267145965026e-13,8.739982843525425e-13,8.292926979182109e-13,1.4134688440285181e-12,2.5155399360236084e-13,9.980443459200364e-13,0.4230432939747203,0.6183357263550046,46.16369888419844,-296.7515409426081,-70.44269744286613
A18,A18_R3_onlineT,34,RIGHT,C3,False,8.72582468073499,6.324004205251283e-13,4.86351534575038e-13,2.1119612608432846e-12,2.649194209860067e-12,9.336937977653732e-13,1.6386343416144052e-12,0.299437509697795,0.18358470389406728,-38.69014470520118,-75.50018491460256,-25.437632733957955
A18,A18_R3_onlineT,34,RIGHT,Cz,False,8.72582468073499,4.74995247563072e-13,1.0129895756062885e-12,9.234775940853069e-13,7.205517034811526e-13,6.013757519907314e-13,9.65055112597126e-13,0.5143549238284973,1.4058527246723596,173.32346975667653,-60.47456343268057,21.974100065215968
A18,A18_R3_onlineT,34,RIGHT,C4,False,8.72582468073499,9.032169346253472e-13,5.370019303903992e-13,9.438780897103863e-13,1.2655526350406473e-12,6.108906610246214e-13,1.7281422657715692e-12,0.9569211791985601,0.4243220831136365,-55.65757218697841,-182.8889645936031,-34.08009454154845
A18,A18_R3_onlineT,35,RIGHT,C3,False,9.953865156634357,7.369025766087304e-13,6.38588793048203e-13,2.663501598115554e-12,3.822477765474699e-12,6.753420486408883e-13,8.928643472333664e-13,0.27666684229890987,0.16706148007348817,-39.61637083601238,-32.2092040663301,-43.51325218573657
A18,A18_R3_onlineT,35,RIGHT,Cz,False,9.953865156634357,3.331050104374874e-13,9.758102672919835e-13,5.459284249425167e-13,6.563314161056809e-13,3.935340882897046e-13,3.878763387211619e-13,0.6101624227984861,1.4867645268025094,143.66700918478753,1.4376771255398106,-20.222979079132774
A18,A18_R3_onlineT,35,RIGHT,C4,False,9.953865156634357,5.105785058114943e-13,4.631194030984758e-13,1.4003577134814435e-12,1.4706014817588626e-12,3.7195209311163224e-13,1.7876307090129274e-12,0.36460577243662967,0.3149183574496183,-13.627709362623236,-380.6077831309351,-5.016130350207825
A18,A18_R3_onlineT,36,LEFT,C3,False,11.738790029470165,3.541862908842991e-13,4.942577858535946e-13,2.123351325690967e-12,3.5583979251712933e-12,2.356949113076564e-13,4.169397235528317e-12,0.16680531695292683,0.13889896415387612,-16.729894051834094,-1668.9805912211382,-67.58403953775021
A18,A18_R3_onlineT,36,LEFT,Cz,False,11.738790029470165,5.466704465302298e-13,4.821440681633225e-13,4.803469959454649e-13,6.388327951146723e-13,2.328141068442772e-13,4.134677479656881e-13,1.1380740405261007,0.7547265448023472,-33.68388014074571,-77.5956592880538,-32.99402317636243
A18,A18_R3_onlineT,36,LEFT,C4,False,11.738790029470165,5.414202091634455e-13,5.150566534938848e-13,1.2479826704320847e-12,1.319102421947237e-12,1.2646421133701183e-13,1.014366150012489e-12,0.43383631999953287,0.3904599407327043,-9.998328232840276,-702.0973991679953,-5.698777170561884
A18,A18_R3_onlineT,37,LEFT,C3,False,11.524947546603599,5.143595763413387e-13,5.320280916294722e-13,2.639863113290364e-12,2.904101222566795e-12,5.474909672530769e-13,1.7785473321552001e-12,0.19484327568039442,0.1831988800856047,-5.976288149605054,-224.85418728982782,-10.009538295608088
A18,A18_R3_onlineT,37,LEFT,Cz,False,11.524947546603599,4.3534960299695854e-13,5.046967141752429e-13,6.025000815673229e-13,6.492002789659056e-13,9.603060411267404e-13,4.4302723885410017e-13,0.7225718573588491,0.7774129656554697,7.589709969756681,53.866036463303914,-7.751069058297625
A18,A18_R3_onlineT,37,LEFT,C4,False,11.524947546603599,4.701721362321863e-13,4.01022420855164e-13,1.2643724062472539e-12,1.3572428400299656e-12,2.825558199029079e-13,4.3830039857114943e-13,0.3718620668317891,0.295468437207825,-20.543539241532947,-55.11993301775155,-7.345180369631581
A18,A18_R3_onlineT,38,LEFT,C3,False,10.210928995304169,4.589266632314341e-13,5.380772069349747e-13,3.22212247099588e-12,2.1244029756868966e-12,3.1968615354284084e-12,2.4838132853037926e-12,0.14242992541794694,0.25328396405629905,77.83058111774024,22.30463353581127,34.06821141003076
A18,A18_R3_onlineT,38,LEFT,Cz,False,10.210928995304169,1.7789626540251683e-13,5.887794150445173e-13,7.498005933738095e-13,7.928521056060895e-13,4.972618433652376e-13,5.212435633607612e-13,0.2372581016534719,0.7426093856362147,212.99642897793865,-4.822754915846037,-5.741728215840033
A18,A18_R3_onlineT,38,LEFT,C4,False,10.210928995304169,4.3132357580132826e-13,4.552703039479864e-13,1.4003373426617225e-12,1.1067229486804695e-12,8.717035819052154e-13,7.833785623017525e-13,0.30801404965854895,0.4113679078316745,33.55491682528741,10.132460326756675,20.967404427218867
A18,A18_R3_onlineT,39,RIGHT,C3,False,9.995952970476218,3.7690140216423526e-13,5.503166528619451e-13,2.726392256516544e-12,1.9555005260831714e-12,5.134954460021317e-13,3.689761319982096e-13,0.1382418106798009,0.281419843933368,103.57071608762388,28.144225061603006,28.27515844760817
A18,A18_R3_onlineT,39,RIGHT,Cz,False,9.995952970476218,5.15218089246653e-13,3.04439578414623e-13,6.614613090094513e-13,6.929218908362467e-13,2.675707260121893e-13,4.1805062392415556e-13,0.7789088828463756,0.43935627152320555,-43.593367440147695,-56.2392979810172,-4.7562240448966095
A18,A18_R3_onlineT,39,RIGHT,C4,False,9.995952970476218,5.980512354705937e-13,4.381480946718043e-13,9.645435985623988e-13,1.509115184495427e-12,5.167913240800956e-13,3.189141120032457e-13,0.6200354617064044,0.2903344285269379,-53.174544609447615,38.2895770220364,-56.45899125189191
A18,A18_R3_onlineT,40,LEFT,C3,False,10.408060836404132,2.912272550778197e-13,6.706141113861545e-13,3.6191397284837678e-12,2.7110370981618864e-12,4.2532265666626846e-13,4.552295774486251e-12,0.08046864087224088,0.24736441704941567,207.4047409874279,-970.315842134465,25.09167090661983
A18,A18_R3_onlineT,40,LEFT,Cz,False,10.408060836404132,5.725059110501029e-13,4.701005821163007e-13,6.712975188045812e-13,8.597620610298652e-13,5.541547655764072e-13,7.307054576248083e-13,0.852834838522266,0.5467798632021412,-35.8867815309276,-31.859455700026494,-28.074666887030048
A18,A18_R3_onlineT,40,LEFT,C4,False,10.408060836404132,5.249912046466357e-13,6.003369075720185e-13,1.3863710611507572e-12,1.1911879544656112e-12,4.126751779435897e-13,7.364017211525832e-13,0.37868015234742913,0.5039816809105836,33.08901398354609,-78.44584809344772,14.078706066118713
A18,A18_R4_onlineT,1,RIGHT,C3,False,11.631620826055032,9.904473765190354e-13,4.863660637824429e-13,2.6631632667945404e-12,2.213758760539534e-12,4.165288256116738e-13,5.721958520201121e-13,0.37190636746472033,0.21970147445691257,-40.925594806398735,-37.37244983701689,16.87483872499948
A18,A18_R4_onlineT,1,RIGHT,Cz,False,11.631620826055032,7.025702032104744e-13,6.544412863764538e-13,7.323080774488937e-13,7.024386590654717e-13,6.543601057157984e-13,3.636840079624929e-13,0.9593915796449826,0.9316703713988722,-2.8894571136811966,44.421427164380326,4.078804987031774
A18,A18_R4_onlineT,1,RIGHT,C4,False,11.631620826055032,7.364175354950386e-13,4.2898613385906453e-13,1.44413316373499e-12,9.559416644620938e-13,4.780255726303844e-13,4.067159980007685e-13,0.5099374171218584,0.44875764893086234,-11.997505210796495,14.917522976276715,33.80515810676883
A18,A18_R4_onlineT,2,RIGHT,C3,False,8.548386230630856,3.0224835264808495e-13,3.1987166035706506e-13,2.5065229319343582e-12,2.577269416238642e-12,5.07299873951424e-13,5.939869295861018e-13,0.12058471470469688,0.12411262025678986,2.9256656291243566,-17.087931632913918,-2.8224949950761684
A18,A18_R4_onlineT,2,RIGHT,Cz,False,8.548386230630856,4.971217117929388e-13,3.6129143563641246e-13,5.542018676965445e-13,6.460534395963696e-13,6.012227480693623e-13,4.868283668617289e-13,0.8970047572361121,0.5592284066502827,-37.656026666636606,19.026954913960743,-16.57366697113314
A18,A18_R4_onlineT,2,RIGHT,C4,False,8.548386230630856,3.7807825942429227e-13,3.6482993764349265e-13,1.241112385391905e-12,1.2043376305470547e-12,3.901297836282182e-13,6.762134440349806e-13,0.30462854442058185,0.3029299495339802,-0.5575954445872537,-73.33038194268995,2.9630479300420483
A18,A18_R4_onlineT,3,RIGHT,C3,False,9.036541688323927,6.523634594771223e-13,6.063746105185411e-13,2.2995501530865816e-12,3.161382323122184e-12,4.894919864200906e-13,4.654945733963489e-13,0.2836917727588957,0.1918067947946533,-32.38901751385427,4.902513971525299,-37.47829412978031
A18,A18_R4_onlineT,3,RIGHT,Cz,False,9.036541688323927,1.2015736416301707e-12,9.754607927040723e-13,6.045806760194196e-13,6.738935490361217e-13,3.2389096640486925e-13,3.282627008381645e-13,1.9874496312739827,1.4474998226341327,-27.167974480627954,-1.3497549752068385,-11.46461932476249
A18,A18_R4_onlineT,3,RIGHT,C4,False,9.036541688323927,5.220781865809554e-13,5.891077718173713e-13,1.0623124605632185e-12,1.664043453616532e-12,5.612536759048711e-13,1.6060501470713158e-12,0.4914544505146434,0.3540218679608636,-27.964459861918552,-186.1540540437424,-56.64350324331946
A18,A18_R4_onlineT,4,LEFT,C3,False,10.76798953758696,4.760536452100104e-13,4.420167361173962e-13,3.4948748182461462e-12,3.358230939650574e-12,4.200689325587009e-13,2.7785563490468595e-12,0.13621479164993705,0.13162189976231603,-3.371801132599789,-561.4524745075216,3.90983613725384
A18,A18_R4_onlineT,4,LEFT,Cz,False,10.76798953758696,3.673762750893395e-13,5.022143327171678e-13,7.809847339302482e-13,7.441088611652954e-13,3.7548838273075227e-13,4.511439800735868e-13,0.4704013524573591,0.674920510865421,43.477587243246965,-20.148585368374537,4.721714927688497
A18,A18_R4_onlineT,4,LEFT,C4,False,10.76798953758696,6.359527577452286e-13,4.710414047495786e-13,1.0895177597545862e-12,1.3746807056564304e-12,1.7900030220859522e-13,7.430546100600435e-13,0.5837011393815893,0.3426551364337723,-41.29613370349023,-315.11360645309765,-26.173317814119624
A18,A18_R4_onlineT,5,RIGHT,C3,False,9.604399863264298,1.1849536579137589e-12,5.201974184617498e-13,2.7334848828095016e-12,2.986785687287842e-12,6.072328523929819e-13,1.1113660078006473e-12,0.43349559581096064,0.17416630214741533,-59.82282084744269,-83.02139013411059,-9.266588817494952
A18,A18_R4_onlineT,5,RIGHT,Cz,False,9.604399863264298,7.135001337358344e-13,3.703762924620513e-13,5.760066266162721e-13,5.750988996487303e-13,4.750866262780109e-13,4.703080676372755e-13,1.2387012592672109,0.6440219111674126,-48.00829446573727,1.0058289112813514,0.15758967442340552
A18,A18_R4_onlineT,5,RIGHT,C4,False,9.604399863264298,7.727317757413478e-13,4.1742982798503186e-13,1.0432296614055393e-12,1.5362358764942325e-12,3.3538469243891077e-13,2.8417382010806845e-12,0.7407110862820457,0.27172248374880276,-63.315996104135934,-747.307067122122,-47.25768767200003
A18,A18_R4_onlineT,6,LEFT,C3,False,9.516660370339725,4.941843930376765e-13,4.87817608682277e-13,1.8018373079104857e-12,1.9474744223150332e-12,7.231124118466876e-13,8.83155225812674e-13,0.27426693346180137,0.25048729939281594,-8.670251921672993,-22.132494387320552,-8.082700572641418
A18,A18_R4_onlineT,6,LEFT,Cz,False,9.516660370339725,2.570498151525908e-13,3.9255708679904287e-13,6.17275797836191e-13,6.994585949444881e-13,4.656623627196814e-13,1.221844326961566e-13,0.4164262004984766,0.5612299135879484,34.77295927012678,73.76115347125253,-13.313788973483502
A18,A18_R4_onlineT,6,LEFT,C4,False,9.516660370339725,5.366180096177439e-13,3.940158804099217e-13,6.013212683895987e-13,1.175336894823076e-12,6.414992414620738e-13,4.2525375547969404e-13,0.8923981868375671,0.3352365454921188,-62.43419692725821,33.70939075306209,-95.45905934289522
A18,A18_R4_onlineT,7,LEFT,C3,False,10.364888326681342,5.712667863332498e-13,1.0726969509886027e-12,3.545364538402188e-12,3.746101757868793e-12,9.30589521766327e-13,1.6984664154475281e-12,0.16113062003793446,0.2863501902305169,77.71308157512357,-82.51510206387395,-5.661962748605619
A18,A18_R4_onlineT,7,LEFT,Cz,False,10.364888326681342,5.775163876556995e-13,4.0074966395362315e-13,8.080582336686494e-13,7.390075115858881e-13,9.127175708493583e-13,2.7859411766743417e-13,0.7146964953673308,0.5422809073937913,-24.124308582893423,69.4764156443072,8.545265576871303
A18,A18_R4_onlineT,7,LEFT,C4,False,10.364888326681342,4.743343989353539e-13,5.614864274939248e-13,1.5671820101418316e-12,1.3702194870200187e-12,6.63936381138708e-13,6.051599261668309e-13,0.30266707750966726,0.40977845725655015,35.389174345684076,8.852723941873828,12.567941811939741
A18,A18_R4_onlineT,8,LEFT,C3,False,7.609975540181413,9.764845333399004e-13,4.4019198991105266e-13,1.763655971503336e-12,2.1503061994238846e-12,4.593071848389684e-13,2.0408611376872042e-12,0.5536706416203991,0.2047113057800745,-63.02651966863251,-344.3346860342982,-21.9232227921962
A18,A18_R4_onlineT,8,LEFT,Cz,False,7.609975540181413,7.43214837767664e-13,6.80144324568259e-13,6.949976029474115e-13,5.733511975287437e-13,4.0766544515929283e-13,4.496668903061701e-13,1.0693775555710814,1.1862612784272792,10.930070698349214,-10.30292011393447,17.503140284625196
A18,A18_R4_onlineT,8,LEFT,C4,False,7.609975540181413,7.042169435995022e-13,2.0630897242933412e-13,6.351244182638926e-13,1.1638197791427263e-12,3.183948205134467e-13,8.805518979700418e-13,1.1087858116437617,0.1772688315894597,-84.01234668338145,-176.55974319872885,-83.24280183149283
A18,A18_R4_onlineT,9,LEFT,C3,False,11.136295775339578,3.866851866327067e-13,4.925109959597576e-13,3.6025988194575177e-12,3.139869249197941e-12,1.430447935660571e-12,2.578780517346908e-12,0.10733506726983665,0.15685716724846627,46.137857121878696,-80.27783137427122,12.844326927561003
A18,A18_R4_onlineT,9,LEFT,Cz,False,11.136295775339578,5.23871723087075e-13,4.565134745749717e-13,5.444422039339774e-13,8.015994967701181e-13,2.715715367666242e-13,3.4774773891672736e-13,0.9622173286746211,0.5695031950673619,-40.813454705517735,-28.05014216772113,-47.233166528604606
A18,A18_R4_onlineT,9,LEFT,C4,False,11.136295775339578,6.389937915957189e-13,4.757207591497811e-13,1.2084433793901795e-12,9.029286297776257e-13,1.127418368975954e-12,5.640958583344453e-13,0.5287742913682695,0.5268641877785426,-0.36123231044085813,49.965702718963186,25.28167681027196
A18,A18_R4_onlineT,10,RIGHT,C3,False,7.641220537060852,2.6937626828641553e-13,1.1955359540279365e-12,1.9665466247427254e-12,1.2822903365153188e-12,7.616374989585176e-13,6.179174659485176e-13,0.13697934485619268,0.9323441969288007,580.6458286887116,18.86987355618997,34.79481643700794
A18,A18_R4_onlineT,10,RIGHT,Cz,False,7.641220537060852,4.291414408297862e-13,5.19143212180954e-13,7.192451338185702e-13,7.75772096996833e-13,5.382030774437196e-13,4.2041568289547966e-13,0.596655327442281,0.6691955204249547,12.157805293323394,21.885306770762018,-7.859206899065616
A18,A18_R4_onlineT,10,RIGHT,C4,False,7.641220537060852,3.752852320847988e-13,6.816752363404001e-13,1.2393629598747117e-12,9.385966222577964e-13,7.388484594155412e-13,7.422282810996647e-13,0.302804944342323,0.7262707111609124,139.84770550505226,-0.4574445058459125,24.26781720564894
A18,A18_R4_onlineT,11,RIGHT,C3,False,11.591440531165107,1.264831289656168e-12,6.581580280154679e-13,3.595884254330011e-12,3.161998961859389e-12,8.166467245344852e-13,9.670636715336227e-13,0.3517441608786801,0.20814618725505313,-40.82455079422208,-18.418851442143477,12.066164030395466
A18,A18_R4_onlineT,11,RIGHT,Cz,False,11.591440531165107,4.502984488204233e-13,3.780208808230242e-13,5.505379430248601e-13,5.932406755201544e-13,3.820995922095286e-13,3.726218803202532e-13,0.8179244582967639,0.6372133544139987,-22.093862342627066,2.480429731544494,-7.756546671546315
A18,A18_R4_onlineT,11,RIGHT,C4,False,11.591440531165107,1.5845093020487912e-12,5.414679712751721e-13,1.7134264889844666e-12,1.4821626564957243e-12,6.326158405907888e-13,3.1720888540049967e-12,0.9247605965213695,0.36532290764588843,-60.49540724160315,-401.4241899226928,13.4971552019025
A18,A18_R4_onlineT,12,LEFT,C3,False,8.391423596850519,1.7155876674045088e-13,4.9389368275644e-13,3.033758630490868e-12,3.239521571527891e-12,1.501908075575606e-12,3.0249684092365597e-12,0.05654990644812516,0.1524588343838376,169.60050680842843,-101.4083590353718,-6.782442708823216
A18,A18_R4_onlineT,12,LEFT,Cz,False,8.391423596850519,3.815349527302516e-13,8.119252964467823e-13,5.431800953374166e-13,9.457460772375513e-13,3.9725773978180203e-13,5.002241410501251e-13,0.7024096722344859,0.8585024204576679,22.222465662613118,-25.91929393871054,-74.11280077375916
A18,A18_R4_onlineT,12,LEFT,C4,False,8.391423596850519,1.8798987743040514e-13,4.937594896718382e-13,1.2162571371304416e-12,1.5812080526333385e-12,1.1944540044262519e-12,9.565540263615527e-13,0.15456425429406837,0.3122672496193862,102.03070305329317,19.917048055690753,-30.00606568804509
A18,A18_R4_onlineT,13,RIGHT,C3,False,10.789420773833218,3.39757076832721e-13,5.689173925170948e-13,2.678215934221619e-12,1.230031233651388e-12,1.7701221484788378e-12,1.0703310012540932e-12,0.12685947853994306,0.4625227205233195,264.594530772637,39.533494783177154,54.07273857442428
A18,A18_R4_onlineT,13,RIGHT,Cz,False,10.789420773833218,3.1404489162550715e-13,8.35581840878512e-13,6.957949292905744e-13,5.943485868511479e-13,4.347254226421934e-13,5.568963293243598e-13,0.45134691042618574,1.4058784009320442,211.48510568168928,-28.10300486675719,14.579919767863249
A18,A18_R4_onlineT,13,RIGHT,C4,False,10.789420773833218,4.577758375236109e-13,2.8412907226916327e-13,1.497688502497864e-12,1.1331729129601541e-12,3.0476767787349482e-12,1.5689821023255032e-12,0.3056549053826123,0.25073761384477616,-17.967089868586225,48.518749977917025,24.338544959767404
A18,A18_R4_onlineT,14,LEFT,C3,False,9.31817563318441,4.873087631724975e-13,6.745023121408983e-13,4.142772770833566e-12,2.015821238077725e-12,4.033444276314044e-13,1.902133359880906e-12,0.11762864876473693,0.3346042294822231,184.45810862917244,-371.59034055607856,51.34125500993571
A18,A18_R4_onlineT,14,LEFT,Cz,False,9.31817563318441,3.1176350940621696e-13,6.011648674315579e-13,1.0397721552830414e-12,6.606854566782659e-13,8.399039909150087e-13,5.700010936687822e-13,0.2998382942091292,0.9099108529708522,203.46719233141502,32.13497020679574,36.45863150678261
A18,A18_R4_onlineT,14,LEFT,C4,False,9.31817563318441,6.079705087580812e-13,6.40966355080635e-13,1.7882243577881558e-12,1.1894952874982251e-12,5.273357768756778e-13,8.421418484862023e-13,0.33998558744053586,0.5388557330300406,58.493698831950496,-59.697461354825094,33.48176461652134
A18,A18_R4_onlineT,15,LEFT,C3,False,8.770124343964442,7.865686174410795e-13,3.7940765535277056e-13,2.0181496344605923e-12,1.2087347372289218e-12,6.711199910076383e-13,8.723133181563799e-13,0.38974742209901214,0.31388826983046714,-19.46367005072162,-29.978741483570513,40.10678313493883
A18,A18_R4_onlineT,15,LEFT,Cz,False,8.770124343964442,7.067024346136175e-13,6.509833636178747e-13,9.306168698890357e-13,5.687072678106757e-13,4.644107166877833e-13,4.67481072307772e-13,0.7593913859501417,1.144672137080177,50.73546503927964,-0.6611293645174076,38.88921572220297
A18,A18_R4_onlineT,15,LEFT,C4,False,8.770124343964442,9.048520852178353e-13,4.707509301695399e-13,1.0099691601612186e-12,9.4579812550435e-13,4.4839775316558083e-13,8.873857296577469e-13,0.8959205101603263,0.49772876206379707,-44.4449863108137,-97.90146658697907,6.35376179670924
A18,A18_R4_onlineT,16,LEFT,C3,False,8.611568741514585,7.021238836610909e-13,4.203382177471109e-13,1.256903551756801e-12,1.6697311795545048e-12,1.245986940714933e-12,1.1249498407111453e-12,0.558613970562592,0.25174005426386054,-54.93488034136923,9.714154783543561,-32.84481352771147
A18,A18_R4_onlineT,16,LEFT,Cz,False,8.611568741514585,6.686339603931648e-13,6.523129777557495e-13,7.254686239197657e-13,4.602007447943665e-13,3.5941037442845964e-13,4.68613935662711e-13,0.9216579991846945,1.4174531117876075,53.79382732439766,-30.384087105974245,36.565038153150624
A18,A18_R4_onlineT,16,LEFT,C4,False,8.611568741514585,5.866920078607392e-13,4.4591491302752674e-13,1.082375781899744e-12,1.2146909740563256e-12,1.0005376208682711e-12,3.5940855424736565e-13,0.5420409599621678,0.36710152833229953,-32.274208879358184,64.07845674653701,-12.224515216364791
A18,A18_R4_onlineT,17,RIGHT,C3,False,7.628088919455806,4.908646721630249e-13,4.098538094885301e-13,1.15153648101024e-12,1.4164679670028235e-12,1.7315657784600961e-12,4.191627532838974e-13,0.4262693195202905,0.289349155107094,-32.12057686142693,75.79284838623548,-23.00678183987361
A18,A18_R4_onlineT,17,RIGHT,Cz,False,7.628088919455806,2.6532312703429316e-13,5.887476386986177e-13,5.166923586301867e-13,6.080633087829289e-13,1.0060663227768157e-12,4.2828083012720505e-13,0.5135030983188846,0.9682341134462255,88.55467797877893,57.43015938103176,-17.68382067715837
A18,A18_R4_onlineT,17,RIGHT,C4,False,7.628088919455806,6.24599466021689e-13,4.019812847469942e-13,1.0434172064131458e-12,1.0812251553322357e-12,8.124715076021157e-13,3.9003354601636717e-13,0.5986095132251211,0.371783141341615,-37.89220967462352,51.99418781250668,-3.6234737827506773
A18,A18_R4_onlineT,18,LEFT,C3,False,23.99191323089045,5.421018607836648e-13,4.784937159839063e-13,3.693663774468445e-12,1.948710277483632e-12,4.487344294092705e-13,3.3513929129324753e-12,0.14676535112123967,0.24554379453562736,67.30365352568056,-646.8544184016289,47.24180660531099
A18,A18_R4_onlineT,18,LEFT,Cz,False,23.99191323089045,5.8663450964751e-13,3.839847638260068e-13,6.878242288539355e-13,7.2474975632486e-13,3.3027117428185904e-13,2.986625214005786e-13,0.8528843344541244,0.5298170306026159,-37.87938068510577,9.570515183473164,-5.368454020942315
A18,A18_R4_onlineT,18,LEFT,C4,False,23.99191323089045,9.358095049357774e-13,5.398500070364385e-13,2.327479000446549e-12,9.933606136638456e-13,4.627991577296691e-13,1.4383035662836017e-12,0.40207000997913767,0.5434582362242967,35.165076413556754,-210.78353153005207,57.32031895998804
A18,A18_R4_onlineT,19,LEFT,C3,False,6.8017636327901245,5.933277697225925e-13,3.7029766315019664e-13,1.3386469600199292e-12,1.7121465053124458e-12,2.950931286352122e-13,7.823180343306578e-13,0.44322946037524286,0.21627685598238092,-51.20431394626193,-165.10886171725895,-27.901273184600978
A18,A18_R4_onlineT,19,LEFT,Cz,False,6.8017636327901245,8.049118527432904e-13,4.845608428400247e-13,4.642757855215962e-13,5.08984230676876e-13,4.914075877693179e-13,3.15842119894591e-13,1.7336933733018243,0.9520154331611184,-45.08743888499718,35.727056774130006,-9.629717196009153
A18,A18_R4_onlineT,19,LEFT,C4,False,6.8017636327901245,3.2927024720214176e-13,3.435129638488132e-13,1.0517746110792326e-12,1.1819634087035644e-12,3.2633780143659885e-13,3.9769197171835754e-13,0.31306160439095926,0.290629101814239,-7.165523418421497,-21.865125635965107,-12.378012955717221
A18,A18_R4_onlineT,20,LEFT,C3,False,6.950603746171009,5.589176314975958e-13,3.729147419474542e-13,1.887745832883659e-12,1.2974034536918568e-12,5.686773270908425e-13,5.356623078434751e-13,0.2960767396550475,0.2874315933769853,-2.9199005258347706,5.805580365980284,31.272344449571072
A18,A18_R4_onlineT,20,LEFT,Cz,False,6.950603746171009,6.809680565533203e-13,6.431469469384571e-13,5.684645201723363e-13,4.355460176650745e-13,5.47213087095011e-13,7.712417705425296e-13,1.1979077539384115,1.476645224278054,23.268692386640414,-40.93993523378968,23.382022587261226
A18,A18_R4_onlineT,20,LEFT,C4,False,6.950603746171009,1.8921032362576138e-13,3.508151186822393e-13,9.042868751811679e-13,9.394695680398836e-13,6.023313358923132e-13,4.942246944264164e-13,0.20923705609224325,0.3734182890183262,78.46661389352695,17.948035412393757,-3.8906561429045508
A18,A18_R4_onlineT,21,LEFT,C3,False,7.113061715994556,7.015892073341747e-13,3.686013243646922e-13,1.3226457483689475e-12,1.48711132555362e-12,3.0885621574661655e-13,4.3287833663219915e-13,0.5304437777079436,0.24786397496332008,-53.27233811011141,-40.15529381067386,-12.434590092433082
A18,A18_R4_onlineT,21,LEFT,Cz,False,7.113061715994556,6.043679073442638e-13,4.722665130179358e-13,5.88452883037828e-13,6.739414469510466e-13,3.141325645170194e-13,4.0972686942763856e-13,1.0270455371452614,0.7007530330038302,-31.77001333829676,-30.431198706697582,-14.527682058738932
A18,A18_R4_onlineT,21,LEFT,C4,False,7.113061715994556,8.265803311366372e-13,4.118176658341422e-13,8.124971474602443e-13,1.1068777603451724e-12,1.9308008756927615e-13,4.566273985965322e-13,1.0173332099939243,0.3720534286511635,-63.42855762534426,-136.49637015660494,-36.23158724989028
A18,A18_R4_onlineT,22,LEFT,C3,False,6.57217021249799,2.0976880101463882e-13,4.3920658424750175e-13,2.387435756641182e-12,2.5065909003054456e-12,1.4913283240100517e-13,7.130134428436704e-13,0.08786364216549927,0.17522068886230352,99.4234299236756,-378.1062837500729,-4.990925654556653
A18,A18_R4_onlineT,22,LEFT,Cz,False,6.57217021249799,3.6090919190078444e-13,4.455262238035957e-13,6.264505925402974e-13,6.340197403700095e-13,6.98999857327988e-13,1.04911499860948e-12,0.5761175680866938,0.7027008710227062,21.971783182450046,-50.08801326796399,-1.2082593455644604
A18,A18_R4_onlineT,22,LEFT,C4,False,6.57217021249799,2.691358009478179e-13,3.6867871571275593e-13,8.531926744374296e-13,1.0812140848862788e-12,3.266580221708252e-13,4.0311705514977625e-13,0.31544551308446034,0.340985861048539,8.096595736722449,-23.40644582087346,-26.725664352334004
A18,A18_R4_onlineT,23,LEFT,C3,False,9.381151046647656,7.512020973767115e-13,4.0263825980270725e-13,2.4829071783784847e-12,2.6635979801237e-12,2.8988505946298555e-13,2.214114792037724e-12,0.30254940817695003,0.15116329971988055,-50.036821876223705,-663.7905851855179,-7.277388511286157
A18,A18_R4_onlineT,23,LEFT,Cz,False,9.381151046647656,4.3825879022034223e-13,5.486778457474376e-13,4.163069582500579e-13,6.005606210887749e-13,3.828239632453428e-13,3.4049462934631995e-13,1.052729918477843,0.9136094283916295,-13.215211959338033,11.057127547654318,-44.25908796077429
A18,A18_R4_onlineT,23,LEFT,C4,False,9.381151046647656,6.659568143301291e-13,4.992618992363357e-13,9.494903387277608e-13,8.867566535218074e-13,2.567669839378881e-13,7.293131779682286e-13,0.7013834550675435,0.5630201896467165,-19.727192653482618,-184.03697655483987,6.607090419688881
A18,A18_R4_onlineT,24,LEFT,C3,False,7.925236957947671,2.2211525451098365e-13,5.116195667238313e-13,1.7130428783747307e-12,2.3142139408361753e-12,9.752011894059124e-13,1.97176260367985e-12,0.12966123458726153,0.22107703946289953,70.50357430779783,-102.19034032157381,-35.093754514295206
A18,A18_R4_onlineT,24,LEFT,Cz,False,7.925236957947671,5.042603395711182e-13,3.7527784374609266e-13,4.0022251930502226e-13,6.775023150497355e-13,6.781223361731776e-13,9.694598089160502e-13,1.2599499409647297,0.5539137437759803,-56.036845134350756,-42.96237672791704,-69.28140780938652
A18,A18_R4_onlineT,24,LEFT,C4,False,7.925236957947671,1.6537604941773274e-13,5.181580007133792e-13,1.02599507525766e-12,9.47232288930101e-13,7.319464885842548e-13,6.581635119919579e-13,0.161186007034392,0.5470231608116302,239.3738519094357,10.080378517152164,7.6767216750800715
A18,A18_R4_onlineT,25,RIGHT,C3,False,9.794313186543164,3.465055073032015e-13,7.453190096595564e-13,1.426550709447819e-12,1.9588299447728276e-12,6.259130330293433e-13,6.657495588563752e-13,0.24289743435571584,0.3804919419618091,56.647163841422184,-6.364546466499985,-37.3123248826563
A18,A18_R4_onlineT,25,RIGHT,Cz,False,9.794313186543164,7.273105735845051e-13,7.690980217803885e-13,5.189883320376339e-13,5.957433068783111e-13,9.428925693312203e-13,5.779667547434668e-13,1.401400626347347,1.29098894255389,-7.878666650894638,38.70279886144293,-14.789344981865861
A18,A18_R4_onlineT,25,RIGHT,C4,False,9.794313186543164,4.609588096514632e-13,8.477079155453667e-13,1.0303219748576255e-12,1.3761042683632775e-12,4.098726641428766e-13,1.5138061649195386e-12,0.4473929712264562,0.616020119284726,37.691058846097974,-269.3357223725084,-33.5606055139641
A18,A18_R4_onlineT,26,RIGHT,C3,False,7.719221381398744,5.432615451644099e-13,3.7968192322864003e-13,1.103594581950252e-12,1.2354963015076365e-12,1.4303166899507384e-13,7.586595347670061e-13,0.4922655058747825,0.307311258451625,-37.572051101667945,-430.4136769830569,-11.952008619350975
A18,A18_R4_onlineT,26,RIGHT,Cz,False,7.719221381398744,4.446334752917364e-13,6.262847031669988e-13,6.433154468209231e-13,5.50622002661066e-13,4.602453666105062e-13,4.80783854374356e-13,0.6911593332462093,1.1374131439358897,64.56598199922057,-4.4625083170540805,14.408707985782256
A18,A18_R4_onlineT,26,RIGHT,C4,False,7.719221381398744,2.194965552334186e-13,3.295875516632164e-13,6.642831342021961e-13,1.2727419963330704e-12,1.761160059600413e-13,1.734235459615383e-12,0.330426205231048,0.2589586519599413,-21.628899929753928,-884.7120085206004,-91.59631349991044
A18,A18_R4_onlineT,27,RIGHT,C3,False,8.622383763281404,8.374188240757727e-13,4.4563433485201005e-13,2.5139773911061426e-12,1.5344043227346816e-12,3.5719034378990804e-13,7.925237898415257e-13,0.33310515322785417,0.2904282321479526,-12.811846549461587,-121.87715978897563,38.96507072167629
A18,A18_R4_onlineT,27,RIGHT,Cz,False,8.622383763281404,5.316924088495242e-13,8.089491014852632e-13,6.655865258871365e-13,3.0219733739902554e-13,3.6932547087377563e-13,4.0174374488464714e-13,0.7988328912470853,2.676890234863703,235.10015225896842,-8.777697875582241,54.59683667781022
A18,A18_R4_onlineT,27,RIGHT,C4,False,8.622383763281404,2.4491699642942785e-13,4.5137371251714097e-13,1.201460340117164e-12,8.764669912432029e-13,2.8512562261933827e-13,1.8159258697311016e-12,0.20384942244996956,0.5149922553009111,152.63365925272848,-536.8862444030447,27.04986074215886
A18,A18_R4_onlineT,28,RIGHT,C3,False,10.341718771837765,5.346246172606982e-13,6.988499481812643e-13,2.089719582202141e-12,2.6201071278921104e-12,5.035104276212549e-13,4.228454008772881e-13,0.2558355780431134,0.2667257154265645,4.256693876101886,16.020527543998305,-25.380799902877314
A18,A18_R4_onlineT,28,RIGHT,Cz,False,10.341718771837765,1.2398323950910342e-12,4.235530699919098e-13,9.279830121796109e-13,6.351975110990026e-13,7.230851940369529e-13,3.017487219377823e-13,1.336050745346042,0.6668053047926605,-50.091318977562075,58.26927111408097,31.550739317191265
A18,A18_R4_onlineT,28,RIGHT,C4,False,10.341718771837765,6.760817661466845e-13,5.876028520551348e-13,9.193047879483423e-13,1.249837489385245e-12,3.8789594128630957e-13,1.389346956442612e-12,0.7354272217547452,0.4701434042790298,-36.07206935347627,-258.1751724020031,-35.95463721825803
A18,A18_R4_onlineT,29,RIGHT,C3,False,8.817676049411956,2.483033792099577e-13,3.874565241780795e-13,2.0699522720686312e-12,1.8718600537324527e-12,8.24615139007957e-13,2.2082965313538605e-12,0.11995608911398366,0.20699011307255513,72.55490288272964,-167.7972337508288,9.569893036142942
A18,A18_R4_onlineT,29,RIGHT,Cz,False,8.817676049411956,6.718069828563815e-13,3.454228425496098e-13,6.0451595377974e-13,6.564549712484004e-13,7.397218150544808e-13,6.857901859087261e-13,1.1113139010739153,0.5261942672057288,-52.65115763446832,7.290798790594354,-8.59183569001138
A18,A18_R4_onlineT,29,RIGHT,C4,False,8.817676049411956,4.258116463276344e-13,4.3071394720063824e-13,1.057928872835265e-12,1.2370759971858311e-12,6.339749452711195e-13,2.9749432635794534e-12,0.40249553373702046,0.3481709678147908,-13.49693633065848,-369.25249740070063,-16.933758870806617
A18,A18_R4_onlineT,30,LEFT,C3,False,10.614506918829152,3.30191909081763e-13,6.286148438886968e-13,2.606633658799253e-12,2.322733352311315e-12,2.6577449139086646e-13,8.428407051475353e-13,0.12667369193485595,0.2706358193303472,113.64800788274661,-217.126260212834,10.891454022684448
A18,A18_R4_onlineT,30,LEFT,Cz,False,10.614506918829152,6.11546833703831e-13,4.715176118502106e-13,5.348758606124961e-13,6.648059853277695e-13,9.469988827568604e-13,6.598996571520984e-13,1.1433434909616926,0.7092559667881723,-37.9665015461276,30.316743856019315,-24.291641160714942
A18,A18_R4_onlineT,30,LEFT,C4,False,10.614506918829152,9.131622685902427e-13,5.408366792888941e-13,9.836392718135218e-13,1.0557520880157768e-12,4.2134334842853305e-13,2.0635957870868553e-13,0.9283507630868157,0.5122762108909151,-44.818679397906735,51.023416062378494,-7.3312258130261165
A18,A18_R4_onlineT,31,RIGHT,C3,False,7.0274580908830035,4.478611710499983e-13,6.480965587705842e-13,1.5665404341282425e-12,2.0532454421240424e-12,3.2714281361654475e-13,5.50219721743369e-13,0.28589186802524297,0.3156449518768399,10.407110932224855,-68.18945697162718,-31.068780440809
A18,A18_R4_onlineT,31,RIGHT,Cz,False,7.0274580908830035,4.59206908251591e-13,5.574338948629931e-13,5.616812774926849e-13,5.440670640013133e-13,8.596942244285568e-13,8.135943096596687e-13,0.817557797727327,1.024568351488462,25.32060171606088,5.362361809459745,3.1359801718868927
A18,A18_R4_onlineT,31,RIGHT,C4,False,7.0274580908830035,3.723690029109972e-13,3.78438684291219e-13,9.565414201128175e-13,1.0583542870607314e-12,4.2796975406338415e-13,1.444951336537511e-12,0.38928685687973535,0.35757277966173445,-8.146711520702205,-237.62931207599019,-10.643853450267297
A18,A18_R4_onlineT,32,RIGHT,C3,False,7.0251038973345645,5.994787408823187e-13,5.345978657833974e-13,1.5487251679002434e-12,2.1227561029060546e-12,2.9062285393459637e-13,4.044389641637837e-13,0.3870788396207766,0.2518413985721358,-34.93795764737068,-39.162821742436414,-37.06473859297325
A18,A18_R4_onlineT,32,RIGHT,Cz,False,7.0251038973345645,5.072653767363781e-13,5.137504915863127e-13,5.397064632505765e-13,5.557307191249267e-13,4.626292494110426e-13,4.37822334740999e-13,0.9398912395474934,0.9244594079580168,-1.6418741807728918,5.362158726804347,-2.9690687374463316
A18,A18_R4_onlineT,32,RIGHT,C4,False,7.0251038973345645,6.462453721694497e-13,8.114961114477734e-13,1.1026765906897693e-12,1.386480292123074e-12,4.201258525344927e-13,7.417457214997146e-13,0.5860697303505797,0.5852922079441567,-0.13266721793632516,-76.5532201898517,-25.737709844350086
A18,A18_R4_onlineT,33,RIGHT,C3,False,9.38467181405442,1.1027706955951465e-12,4.028492440160529e-13,9.588785625827865e-13,1.3443088875937763e-12,6.875414247354084e-13,1.5644002395985661e-12,1.1500629366713335,0.2996701485304663,-73.94315224192758,-127.53541580430674,-40.1959476466774
A18,A18_R4_onlineT,33,RIGHT,Cz,False,9.38467181405442,6.772926964640832e-13,4.568667207087996e-13,6.010252791316759e-13,7.097223896046905e-13,2.9919676080250217e-13,4.951260128580956e-13,1.1268955233340496,0.6437259517249704,-42.87616390378113,-65.48508464131572,-18.085280976875623
A18,A18_R4_onlineT,33,RIGHT,C4,False,9.38467181405442,1.037094524078665e-12,3.4848943847594674e-13,1.2152102047822465e-12,1.0972676387647934e-12,9.161613674143466e-13,1.9567128021643945e-12,0.853428090051714,0.31759748138407257,-62.785677541405086,-113.57730982335168,9.705527945149807
A18,A18_R4_onlineT,34,RIGHT,C3,False,13.00645904622937,7.004707897359562e-13,4.647497713510467e-13,8.363472544417155e-13,9.533112603642902e-13,4.646914381506032e-13,1.462887101396866e-12,0.8375358273921034,0.487511047727949,-41.79221571381038,-214.8082751898593,-13.985100722384901
A18,A18_R4_onlineT,34,RIGHT,Cz,False,13.00645904622937,6.423065972205057e-13,5.465134187126063e-13,5.320682573048148e-13,8.044343119709177e-13,6.865584479430045e-13,4.645619888934792e-13,1.207188341725368,0.6793760666096055,-43.722446355089,32.33467736281568,-51.19005896833046
A18,A18_R4_onlineT,34,RIGHT,C4,False,13.00645904622937,8.892520137335871e-13,3.9912412514872336e-13,7.848232746960006e-13,8.774025711020863e-13,3.374819122942371e-13,1.6034302648843345e-12,1.1330601963582652,0.45489281464880166,-59.852723084717034,-375.11591183777784,-11.796196594952677
A18,A18_R4_onlineT,35,LEFT,C3,False,8.035948106640431,2.8633948843714724e-13,4.277109471665403e-13,1.3856632933368098e-12,1.0370217064067066e-12,8.25247373345846e-13,1.2062931262319178e-12,0.20664434846045054,0.41244165336573735,99.59009594916367,-46.173519019052065,25.160628026058255
A18,A18_R4_onlineT,35,LEFT,Cz,False,8.035948106640431,9.53298919380738e-13,5.279885969658004e-13,5.147689250473001e-13,5.104167869530219e-13,8.750544715950419e-13,5.273065821736797e-13,1.8518967890168254,1.0344263951773118,-44.14233010650177,39.74014198081753,0.8454547045314119
A18,A18_R4_onlineT,35,LEFT,C4,False,8.035948106640431,2.7898465012198975e-13,3.416072090260531e-13,1.0504650222886912e-12,6.950903123788781e-13,5.345243771980095e-13,4.4909247341858947e-13,0.2655820462390594,0.4914573012202344,85.04914326093302,15.982789078256117,33.83022779145408
A18,A18_R4_onlineT,36,RIGHT,C3,False,10.064089147562512,4.418432066543566e-13,3.022973696694445e-13,1.1187490477113693e-12,2.109340763643125e-12,5.269612886130165e-13,1.1826447013538212e-12,0.39494398458549534,0.14331367168353343,-63.71291188699959,-124.42724482980336,-88.54458629110918
A18,A18_R4_onlineT,36,RIGHT,Cz,False,10.064089147562512,2.8815232658868086e-13,4.1482587870951196e-13,7.292954328678565e-13,7.194749120276102e-13,3.956996350655266e-13,5.391383867839424e-13,0.39511055959251035,0.5765675380402879,45.925621080570394,-36.24940207353561,1.346576489808595
A18,A18_R4_onlineT,36,RIGHT,C4,False,10.064089147562512,3.2162743149364215e-13,5.566460719958542e-13,1.062133707100123e-12,1.2840284417167525e-12,1.3979860070935963e-12,1.1168946837550979e-12,0.3028125643161833,0.4335153754473036,43.16294187669383,20.10687674355807,-20.89141255317609
A18,A18_R4_onlineT,37,LEFT,C3,False,9.00656938714765,4.84561620322613e-13,6.578966526165398e-13,1.7627673615391015e-12,1.6557475584340348e-12,3.342304566821272e-13,8.188390817996389e-13,0.27488688008129114,0.3973411582371665,44.547152675916166,-144.99235944209687,6.071124610091826
A18,A18_R4_onlineT,37,LEFT,Cz,False,9.00656938714765,6.254648009126423e-13,6.094610481592802e-13,6.986138622821368e-13,5.980531992714361e-13,4.416668190205989e-13,4.891685077100049e-13,0.8952940024256876,1.019074973433369,13.825734414875154,-10.755095615908274,14.394312572356169
A18,A18_R4_onlineT,37,LEFT,C4,False,9.00656938714765,7.15609485385279e-13,4.929044503291054e-13,1.0807521766136687e-12,9.054905834075575e-13,2.556490697000979e-13,7.506461046495375e-13,0.6621402212924569,0.5443507192247091,-17.789208128427827,-193.6236402229513,16.216631064788604
A18,A18_R4_onlineT,38,RIGHT,C3,False,7.79636548390044,4.334954803286805e-13,8.735861519137609e-13,1.7737556645775461e-12,1.5013577057083032e-12,7.185405637257364e-13,1.4719804045616969e-12,0.24439413442658448,0.5818641011347957,138.0843151166488,-104.85696686757201,15.357129750681851
A18,A18_R4_onlineT,38,RIGHT,Cz,False,7.79636548390044,6.408831783445827e-13,7.211740825612949e-13,5.991185523999232e-13,6.23194842086878e-13,4.76023728765747e-13,6.857748476893867e-13,1.069710119603809,1.1572208783794105,8.180791896033758,-44.06316455431553,-4.018618617385661
A18,A18_R4_onlineT,38,RIGHT,C4,False,7.79636548390044,3.388205840459047e-13,3.5461398123299823e-13,1.1225887937693255e-12,1.078280973439233e-12,9.545618358148764e-13,2.0010942040234884e-12,0.3018207432021872,0.3288697380070971,8.961940295399119,-109.63484280881852,3.9469323563546137
A18,A18_R4_onlineT,39,RIGHT,C3,False,6.036387531185162,3.607707122037265e-13,3.301619563530503e-13,1.137128549536524e-12,1.4205559048437663e-12,3.321910534131217e-13,3.8244740959465287e-13,0.3172646684060224,0.2324174326594783,-26.743361047048598,-15.128750658745469,-24.92482977608494
A18,A18_R4_onlineT,39,RIGHT,Cz,False,6.036387531185162,8.933762443476889e-13,5.273693584055812e-13,6.149125970588737e-13,4.895332264837932e-13,5.496209451514578e-13,5.031010022007688e-13,1.4528507768757812,1.0772902223482488,-25.849905613509737,8.464004758383004,20.38978729249815
A18,A18_R4_onlineT,39,RIGHT,C4,False,6.036387531185162,5.4006420124171e-13,3.9226513888699753e-13,8.323878193378704e-13,8.977474956989742e-13,4.3122738242342575e-13,3.9623032999820624e-13,0.6488131958385798,0.43694372946324417,-32.654925598653705,8.115684173055506,-7.852070254114809
A18,A18_R4_onlineT,40,LEFT,C3,False,10.416894720356888,7.868925898929521e-13,3.671307805112295e-13,2.713699057064293e-12,3.2378036520691607e-12,7.866392635235808e-13,3.700128495303396e-12,0.28997046958634404,0.11338883390183643,-60.89642022389703,-370.3717023644954,-19.31329097235451
A18,A18_R4_onlineT,40,LEFT,Cz,False,10.416894720356888,7.908239587454766e-13,3.531529502343315e-13,8.904079565130878e-13,6.035565353204741e-13,4.2537842652929206e-13,4.47459130404324e-13,0.8881591330814355,0.585119917634254,-34.11992335155054,-5.190837733636552,32.215729778061274
A18,A18_R4_onlineT,40,LEFT,C4,False,10.416894720356888,6.520366064381394e-13,5.485291268231686e-13,1.2218909047592726e-12,1.4261909492912936e-12,5.859019748315282e-13,2.703976858730931e-12,0.5336291512592923,0.3846112802046213,-27.925361780369208,-361.50669819954777,-16.719990609331084
A18,A18_R5_onlineT,1,LEFT,C3,False,15.212812161635297,6.906684841658545e-13,6.539757597048441e-13,8.209138507715043e-12,4.669961027302922e-12,6.941382098462641e-13,1.2794733772975912e-12,0.08413410049261032,0.14003880458131782,66.44714064972707,-84.32544976611582,43.112653990256845
A18,A18_R5_onlineT,1,LEFT,Cz,False,15.212812161635297,1.2866086353781464e-12,3.6148330047495947e-13,9.38991208931541e-13,7.402860945712216e-13,5.328412664376711e-13,2.5600029162249085e-13,1.3702030680800008,0.48830216199634674,-64.3627887448405,51.95561835253682,21.161552149824907
A18,A18_R5_onlineT,1,LEFT,C4,False,15.212812161635297,3.3073507378772137e-13,6.075074242491453e-13,2.5025268786266507e-12,2.107675936201754e-12,5.188682875042793e-13,5.943975336991548e-13,0.13216044815040062,0.28823568833069063,118.09527159190166,-14.556535447206844,15.778089969670374
A18,A18_R5_onlineT,2,LEFT,C3,False,10.473612682608627,1.8077362298881976e-13,7.287211284449605e-13,3.3157705794963774e-12,3.1681635266795415e-12,5.216739205203746e-13,2.086882286529419e-12,0.05451933982002969,0.2300137358151811,321.8938390935487,-300.0357703232959,4.4516666421250255
A18,A18_R5_onlineT,2,LEFT,Cz,False,10.473612682608627,1.1666775581279393e-12,4.654335930117834e-13,7.321394652955551e-13,6.93940340435894e-13,4.360709129825288e-13,4.833699438062773e-13,1.593518193500151,0.670711249787589,-57.910035007860394,-10.846637419644527,5.217465615549164
A18,A18_R5_onlineT,2,LEFT,C4,False,10.473612682608627,3.0198294588537763e-13,5.877801336022434e-13,1.2933316839290997e-12,1.7530746379576584e-12,5.262582707004548e-13,9.130827439400243e-13,0.23349226624369337,0.3352852872750532,43.59588549503371,-73.50468292397619,-35.547180954530894
A18,A18_R5_onlineT,3,LEFT,C3,False,10.972934735760962,6.833827445790968e-13,3.178683736285561e-13,4.7745107728779e-12,4.519154691536871e-12,2.963564921339721e-12,2.6823362219207983e-12,0.1431314698169963,0.0703380156965717,-50.8577563085855,9.48954070126425,5.348319304076249
A18,A18_R5_onlineT,3,LEFT,Cz,False,10.972934735760962,3.6518486459063705e-13,8.068461110308883e-13,9.161700171238158e-13,7.970687161451225e-13,1.1067346818667655e-12,5.204754448028557e-13,0.39859944962735466,1.0122666900453103,153.95586747339092,52.971976632651206,12.999912543808698
A18,A18_R5_onlineT,3,LEFT,C4,False,10.972934735760962,5.477673918187195e-13,3.0794768049791177e-13,1.3762697312897073e-12,2.1732270189817375e-12,1.3225687603134696e-12,1.327398209874972e-12,0.39800874738806086,0.14170064968279303,-64.39760417008272,-0.3651567847676751,-57.90705626761105
A18,A18_R5_onlineT,4,RIGHT,C3,False,9.369018778695064,5.494354158734611e-13,4.979272226855358e-13,5.0773241915691264e-12,3.751534578794487e-12,1.138293205473201e-12,6.381967148837737e-13,0.10821357769231991,0.1327262783342221,22.652148801140584,43.93389051123535,26.111974787351706
A18,A18_R5_onlineT,4,RIGHT,Cz,False,9.369018778695064,1.1388493529184614e-12,6.081530276790774e-13,9.232505887174078e-13,7.900697686392548e-13,2.4617530239325927e-13,3.370379304000242e-13,1.2335213936885394,0.7697459791766309,-37.59767904187728,-36.909725355638656,14.425208248517837
A18,A18_R5_onlineT,4,RIGHT,C4,False,9.369018778695064,3.366887872033132e-13,6.91064872703733e-13,1.5245712797903531e-12,1.7218229079131158e-12,9.194504641265597e-13,7.057594559483458e-13,0.22084161735593755,0.40135653296732915,81.73953703683028,23.241165948098324,-12.938170273671107
A18,A18_R5_onlineT,5,RIGHT,C3,False,8.988095939212538,5.426934654746292e-13,6.040689450461666e-13,3.879696109243988e-12,2.8862646540254423e-12,4.893491581555594e-13,8.13270273150765e-13,0.1398804056280533,0.20929090622499852,49.62131778593071,-66.19427245284729,25.605909000231716
A18,A18_R5_onlineT,5,RIGHT,Cz,False,8.988095939212538,8.69982337725219e-13,4.701360276223172e-13,8.31791507601098e-13,6.216273710624117e-13,5.928442864251989e-13,3.592397326965083e-13,1.0459139457125068,0.7562987884829082,-27.69015160537939,39.404032235396315,25.26644412910677
A18,A18_R5_onlineT,5,RIGHT,C4,False,8.988095939212538,8.484369510263862e-13,6.361055643898437e-13,1.0737310593962848e-12,1.2313435127413214e-12,4.309141062230954e-13,9.936832744815318e-13,0.7901764073989139,0.5165947258484284,-34.62286129891628,-130.598919861555,-14.678950745231832
A18,A18_R5_onlineT,6,RIGHT,C3,False,8.275722625589959,7.688359629878962e-13,4.507152926019749e-13,1.5999423299307318e-12,1.4584073919273127e-12,1.5715843018186043e-12,4.742655909853201e-13,0.4805397973445595,0.3090462206217607,-35.687694894463334,69.8224530216731,8.846252477709415
A18,A18_R5_onlineT,6,RIGHT,Cz,False,8.275722625589959,7.472187728567013e-13,5.557327744038725e-13,4.802348471626838e-13,6.113206510671351e-13,5.022425427419565e-13,4.696685834485513e-13,1.555944507716189,0.9090691986828399,-41.57444599247507,6.485702926631826,-27.296187413081427
A18,A18_R5_onlineT,6,RIGHT,C4,False,8.275722625589959,5.607122694782455e-13,2.666182725531213e-13,5.648968512414205e-13,9.238615173230712e-13,6.603058643863371e-13,4.433336706131795e-13,0.9925923082170153,0.28859116605014495,-70.92550852337969,32.85934677784563,-63.54517028954717
A18,A18_R5_onlineT,7,LEFT,C3,False,9.037124047410417,3.3542667386891615e-13,4.675620316223313e-13,2.2840962370029018e-12,2.38916184489317e-12,7.458518256139269e-13,2.9392079705608983e-13,0.14685312660426664,0.1957012801881733,33.26327107460266,60.59260204744324,-4.599876580862943
A18,A18_R5_onlineT,7,LEFT,Cz,False,9.037124047410417,1.3651957016423692e-13,4.666073538003715e-13,6.211245096507005e-13,6.151666458841477e-13,6.558141196799031e-13,3.357974606522945e-13,0.21979420879882994,0.758505612946132,245.09808838519763,48.796854081733684,0.9592060326042114
A18,A18_R5_onlineT,7,LEFT,C4,False,9.037124047410417,5.312939395542205e-13,3.5160247696255553e-13,9.318091236186564e-13,1.3559891879253943e-12,2.457134158288774e-13,3.1124208157162814e-13,0.5701746485277525,0.25929592956452135,-54.52342010749703,-26.668737448339822,-45.522205519886484
A18,A18_R5_onlineT,8,LEFT,C3,False,6.903843894710253,4.923374870177213e-13,3.6304370239088953e-13,2.2589463210717343e-12,2.0745491966538685e-12,8.028352863038875e-13,4.851522976373017e-13,0.21795006035563372,0.17499883973658406,-19.706909256627526,39.570132763987296,8.162970615892302
A18,A18_R5_onlineT,8,LEFT,Cz,False,6.903843894710253,7.326469222175316e-13,6.062456433125799e-13,6.954302121535481e-13,5.631111159378247e-13,2.1882933992340323e-13,4.947890085527442e-13,1.0535160960993255,1.0766003833948783,2.191166075299945,-126.10725267733068,19.02694100763455
A18,A18_R5_onlineT,8,LEFT,C4,False,6.903843894710253,7.227908023217321e-13,3.153476435378259e-13,1.2677979969809727e-12,1.2608974563782798e-12,3.4508104878965127e-13,1.9822841183000637e-13,0.5701151161643457,0.25009777118879284,-56.13205752701043,42.55598430418613,0.5442933826307707
A18,A18_R5_onlineT,9,RIGHT,C3,False,9.122610787432876,5.083902680189856e-13,4.4339956947567293e-13,3.174348549262539e-12,3.496533433893523e-12,1.1358936265570708e-12,1.3512727459332805e-12,0.1601557800377952,0.12681119110076136,-20.82009711367573,-18.961205023135015,-10.149637937706418
A18,A18_R5_onlineT,9,RIGHT,Cz,False,9.122610787432876,6.182035753038039e-13,5.47436039595789e-13,4.960454260810472e-13,8.048599425370736e-13,3.054284813668967e-13,5.365844654563956e-13,1.2462640371222728,0.6801631074720468,-45.423835783418745,-75.68252412315871,-62.25528958018659
A18,A18_R5_onlineT,9,RIGHT,C4,False,9.122610787432876,5.450310497465727e-13,4.62472908935809e-13,1.2660638827948985e-12,1.5424196989115507e-12,2.599102570553448e-12,2.6904910239702587e-12,0.43049253450259534,0.29983597153366576,-30.35048287652521,-3.516154169989158,-21.827951959784453
A18,A18_R5_onlineT,10,LEFT,C3,False,12.169711091521132,1.3261989875827665e-12,7.462138043124315e-13,4.938891990039074e-12,2.391591073618152e-12,1.545117989930925e-12,9.049413133659609e-13,0.26852156116341275,0.31201563366914203,16.197608980554204,41.43221946393772,51.576364122932944
A18,A18_R5_onlineT,10,LEFT,Cz,False,12.169711091521132,6.717746001745864e-13,4.0848454247548617e-13,7.709409321411767e-13,6.644353741007448e-13,4.495695092711772e-13,2.2309929479821358e-13,0.8713697407515123,0.6147844597051056,-29.446200510143356,50.37490528219038,13.815008854780631
A18,A18_R5_onlineT,10,LEFT,C4,False,12.169711091521132,1.5037262219571096e-12,6.272331651858528e-13,2.380657020908628e-12,1.329195102066603e-12,5.215856719791028e-13,3.342891806336934e-13,0.6316433693515333,0.47188946469231235,-25.2917884380279,35.909056058754885,44.16687954658468
A18,A18_R5_onlineT,11,RIGHT,C3,False,7.447360338736912,3.6186601032179133e-13,7.628941270835238e-13,2.4400887459739084e-12,2.668745602863255e-12,5.707086829796708e-13,3.913783143400804e-13,0.14830034805859504,0.2858624389919469,92.75911535891987,31.422400602581735,-9.370841829692688
A18,A18_R5_onlineT,11,RIGHT,Cz,False,7.447360338736912,2.6734518868866047e-13,6.157031545222678e-13,9.982688060709213e-13,4.639413782812978e-13,7.077642974974014e-13,5.690990657573681e-13,0.2678088176879957,1.3271141211917372,395.5453418781229,19.592007145647578,53.5254056362513
A18,A18_R5_onlineT,11,RIGHT,C4,False,7.447360338736912,5.389015973243678e-13,5.379445814599428e-13,1.5379099718260079e-12,1.4287011080501332e-12,8.209578501414561e-13,3.603124081592306e-13,0.35041166726067413,0.37652702754190503,7.452765624325937,56.11072991175533,7.101122027722312
A18,A18_R5_onlineT,12,RIGHT,C3,False,9.954429384293876,6.349090582006404e-13,6.088771461813725e-13,2.1235139675816366e-12,2.367829652161793e-12,7.469196284846061e-13,5.966301253802322e-13,0.2989898196543094,0.2571456716176676,-13.995174847431857,20.12124161327638,-11.505254418382535
A18,A18_R5_onlineT,12,RIGHT,Cz,False,9.954429384293876,5.700424913683395e-13,2.997802459910974e-13,4.866891619197311e-13,4.3635027033201787e-13,4.62376442559422e-13,3.3754861732062824e-13,1.1712660481688633,0.6870174407431794,-41.34403180069546,26.997012336490652,10.34312976873226
A18,A18_R5_onlineT,12,RIGHT,C4,False,9.954429384293876,5.456683765066389e-13,4.237744454205023e-13,1.1100157799605395e-12,1.232836184658759e-12,4.734272299453713e-13,5.599819762574477e-13,0.49158614351053387,0.3437394608415069,-30.07543736143955,-18.282587235648432,-11.06474402576383
A18,A18_R5_onlineT,13,RIGHT,C3,False,7.645782945100904,1.3699501224962365e-12,6.606430951819071e-13,1.3237983239963255e-12,2.212854719982532e-12,8.063726862417665e-13,7.371344395956682e-13,1.0348631643229358,0.2985478844210442,-71.15097969340027,8.58638292534369,-67.15950457636887
A18,A18_R5_onlineT,13,RIGHT,Cz,False,7.645782945100904,3.654258591024307e-13,7.390856856142117e-13,6.377164216984985e-13,6.656056948107704e-13,4.969500519401776e-13,4.854621435999369e-13,0.5730225013324148,1.1103956762634541,93.77872137333485,2.311682692332965,-4.373303268244442
A18,A18_R5_onlineT,13,RIGHT,C4,False,7.645782945100904,1.21609441881717e-12,5.346856997919791e-13,8.377935106143061e-13,1.1186928775175436e-12,5.170773600269032e-13,9.379556954688404e-13,1.451544328536846,0.47795575580894323,-67.07260354282657,-81.3956223919839,-33.52847251075865
A18,A18_R5_onlineT,14,LEFT,C3,False,9.855193816210654,5.483269569144904e-13,2.975968801120543e-13,2.0807662251055856e-12,2.9112730893381417e-12,3.54679488445351e-13,5.212633559377377e-12,0.2635216538497333,0.1022222481298417,-61.20916568467978,-1369.6743762165825,-39.913511388835296
A18,A18_R5_onlineT,14,LEFT,Cz,False,9.855193816210654,7.034468263055438e-13,3.078110585766044e-13,5.628355045598967e-13,6.706406297302327e-13,3.5712975546025317e-13,7.013245413291494e-13,1.2498266733467651,0.4589806297605655,-63.27645748417941,-96.37807564517077,-19.153931174728044
A18,A18_R5_onlineT,14,LEFT,C4,False,9.855193816210654,4.0316874907742954e-13,2.0995679532679066e-13,1.2380980033003378e-12,1.2184935395692176e-12,4.27338623465851e-13,7.130065820547304e-13,0.325635570045927,0.1723085010372875,-47.08547932494431,-66.84814872852402,1.583433918709305
A18,A18_R5_onlineT,15,RIGHT,C3,False,9.104566948278269,2.29987559559592e-13,6.196620042789489e-13,2.882455106475317e-12,2.313282117360541e-12,1.3901024707248e-12,1.3461580715547539e-12,0.07978877417481174,0.2678713502467154,235.72561180076238,3.1612345201525636,19.746118086493425
A18,A18_R5_onlineT,15,RIGHT,Cz,False,9.104566948278269,4.850010411572593e-13,6.68016223572478e-13,8.623225557574749e-13,8.488402942926203e-13,3.5247424423303747e-13,6.47780329309439e-13,0.5624357590080992,0.7869751566508376,39.9226745537538,-83.78089744371809,1.5634824086227939
A18,A18_R5_onlineT,15,RIGHT,C4,False,9.104566948278269,9.265811679369097e-14,3.837939863027757e-13,1.4874098960371043e-12,1.752685120178153e-12,9.103422188055619e-13,3.269637551214637e-12,0.06229494441347966,0.21897486427212018,251.51305829681007,-259.16576026811657,-17.834708834990256
A18,A18_R5_onlineT,16,LEFT,C3,False,13.414408506820338,4.884193055375476e-13,6.72453227644434e-13,2.9218585694449513e-12,2.7277478224266346e-12,8.157400673786969e-12,6.080972376352636e-12,0.16716048841143255,0.24652323873774085,47.47697920753411,25.45453362499084,6.643399822572207
A18,A18_R5_onlineT,16,LEFT,Cz,False,13.414408506820338,5.820633463089695e-13,4.0109598933030577e-13,7.095606209634937e-13,6.492538221064076e-13,3.1974985447681213e-13,5.757895728298377e-13,0.8203151769028572,0.6177799431800176,-24.689928874353136,-80.07500699944596,8.499174992997375
A18,A18_R5_onlineT,16,LEFT,C4,False,13.414408506820338,5.861718179395852e-13,3.8917445677888435e-13,1.664381846567445e-12,1.1284626696790692e-12,2.9454678035515124e-12,2.1100343586070563e-12,0.3521858996170156,0.3448713610433956,-2.076897053963307,28.36335348623156,32.19929236753178
A18,A18_R5_onlineT,17,RIGHT,C3,False,12.724596551561627,5.090515437378618e-13,4.893506082495133e-13,1.892669762681418e-12,1.5586446999931352e-12,3.8292402837241815e-12,2.3010592996811052e-12,0.2689595162215034,0.3139590493277067,16.73096893479822,39.9082029544728,17.64835415424277
A18,A18_R5_onlineT,17,RIGHT,Cz,False,12.724596551561627,1.2750557460986042e-12,7.599995770232893e-13,6.288433057547191e-13,4.71797597911608e-13,1.4425134509664493e-12,5.441802832591536e-13,2.02762076725667,1.6108593608517618,-20.5542088113833,62.27554877255627,24.973742489733517
A18,A18_R5_onlineT,17,RIGHT,C4,False,12.724596551561627,2.555095171225077e-13,5.144142914209708e-13,1.2004650071861416e-12,1.2156197554386098e-12,1.6794937840206884e-12,3.42884341494264e-12,0.21284212000599276,0.42317039445888577,98.81891537585278,-104.15933941321467,-1.2624064976279905
A18,A18_R5_onlineT,18,RIGHT,C3,False,10.744629595310505,4.3981772902641895e-13,5.712229863433374e-13,1.8278017260685398e-12,1.9055732240729444e-12,4.080202734332381e-12,2.0415512358837176e-12,0.24062660777349898,0.299764385397069,24.576574540433292,49.96446576770984,-4.254919825012151
A18,A18_R5_onlineT,18,RIGHT,Cz,False,10.744629595310505,3.6822997844054444e-13,4.822609899697402e-13,6.712564501466747e-13,5.168428243147312e-13,1.04325713660659e-12,3.0716711677368674e-13,0.5485682534001474,0.933090230301945,70.0955577575708,70.55691200226902,23.003671070602437
A18,A18_R5_onlineT,18,RIGHT,C4,False,10.744629595310505,2.2342601711749617e-13,5.347925381825806e-13,1.394219831240732e-12,1.3205088082978131e-12,1.7865933714306138e-12,2.1860187003067896e-12,0.16025164189399518,0.40498975457191294,152.72112646422025,-22.356812426564424,5.2869010532809995
A18,A18_R5_onlineT,19,RIGHT,C3,False,8.991175291394002,6.356042957755604e-13,9.504824833443093e-13,2.596694412735969e-12,2.267030680301191e-12,4.2967237495557245e-12,2.032365084964943e-12,0.24477439187996913,0.4192631761022444,71.28555519314288,52.69965668202227,12.695515144865757
A18,A18_R5_onlineT,19,RIGHT,Cz,False,8.991175291394002,8.08187177698038e-13,6.596997430139312e-13,5.265585024809273e-13,6.165203399031076e-13,5.873245074897161e-13,7.105402639475346e-13,1.5348478353121109,1.0700372726025709,-30.28382045540175,-20.97916141528898,-17.084870341722162
A18,A18_R5_onlineT,19,RIGHT,C4,False,8.991175291394002,5.649470142807394e-13,6.413141126554069e-13,1.7011692521012458e-12,1.6002847062804655e-12,1.8191543912388795e-12,3.231245919515538e-12,0.3320933608357485,0.4007500103815967,20.673900066254383,-77.6235120601829,5.93030621122325
A18,A18_R5_onlineT,20,LEFT,C3,False,10.629651482405293,7.904071357801213e-13,9.13633204680597e-13,2.4653804774106325e-12,2.1600221162930423e-12,4.158264015217764e-12,5.628805229009834e-12,0.3206024964594021,0.42297400465905594,31.930976623763488,-35.364306076055136,12.385851348928723
A18,A18_R5_onlineT,20,LEFT,Cz,False,10.629651482405293,6.42771705359032e-13,4.658820615300605e-13,6.101470512600395e-13,8.695678463938122e-13,6.232633470307472e-13,8.444295437414892e-13,1.0534701495838061,0.5357627509597113,-49.14305344376632,-35.485192216803235,-42.517749548741115
A18,A18_R5_onlineT,20,LEFT,C4,False,10.629651482405293,5.081751032668858e-13,7.375503380418766e-13,1.4217790498662824e-12,8.059386700185807e-13,6.754914933170336e-13,2.1355185169430897e-12,0.35742199416616766,0.9151444960754552,156.0403419522076,-216.14291787103386,43.31477383251787
A18,A18_R5_onlineT,21,RIGHT,C3,False,10.650774516636154,6.120496134275952e-13,4.8039321965217e-13,1.8497694789846496e-12,1.9071505603665517e-12,2.0682255740921877e-12,1.5810410095637565e-12,0.3308788583556656,0.2518905584254654,-23.872271659404337,23.55567838591651,-3.1020666106675603
A18,A18_R5_onlineT,21,RIGHT,Cz,False,10.650774516636154,2.424627311219282e-13,4.071186279751106e-13,1.109907832950266e-12,5.123870405447492e-13,3.346281282297324e-12,7.220714993081772e-13,0.21845303179583267,0.7945529370576558,263.71797201709205,78.42167354166793,53.835172134720054
A18,A18_R5_onlineT,21,RIGHT,C4,False,10.650774516636154,3.9654921985901147e-13,4.595996929130035e-13,1.1792083924376806e-12,1.5836195923830392e-12,3.3068107149265878e-12,2.190022832342613e-12,0.3362842584924772,0.2902210196966529,-13.697708897324047,33.77235586974829,-34.29514261761253
A18,A18_R5_onlineT,22,LEFT,C3,False,9.980906786779064,5.661150982729613e-13,1.4558369274715838e-12,1.5573035154517943e-12,2.911159876263715e-12,1.7400977797760934e-12,3.1973997861716537e-12,0.3635226483828516,0.5000882773020546,37.56729588286231,-83.74828261565153,-86.93593428504842
A18,A18_R5_onlineT,22,LEFT,Cz,False,9.980906786779064,3.9631503966123476e-13,5.681347325473888e-13,5.980517009664904e-13,7.824000891882076e-13,5.172551204277299e-13,7.286450379395725e-13,0.6626768873339277,0.7261434915439063,9.577307647670732,-40.86763168956927,-30.82482466378713
A18,A18_R5_onlineT,22,LEFT,C4,False,9.980906786779064,5.756924497916673e-13,8.477888574368452e-13,1.1877587366291275e-12,1.2402272036936384e-12,1.2569199398778307e-12,1.3515230290002768e-12,0.4846880364151131,0.6835754407837247,41.034106358316144,-7.5265803430281535,-4.417434740443749
A18,A18_R5_onlineT,23,LEFT,C3,False,8.297191153525427,4.013594451103296e-13,4.811208443933968e-13,1.5517655965451282e-12,2.2448494875459588e-12,3.3653690416270573e-13,8.067417965126505e-13,0.25864695415591227,0.21432209467163524,-17.13720528004286,-139.71867172184318,-44.66421298061524
A18,A18_R5_onlineT,23,LEFT,Cz,False,8.297191153525427,4.96334131007825e-13,2.379857561733068e-13,6.709541920663422e-13,5.041693325119297e-13,4.4356140698678663e-13,5.707034140810668e-13,0.7397436917105494,0.47203536753730563,-36.18933519449248,-28.663902019335886,24.857860868379703
A18,A18_R5_onlineT,23,LEFT,C4,False,8.297191153525427,3.5805764572967226e-13,4.295829853520926e-13,1.3877624101253562e-12,1.3394302158498624e-12,7.863332671393884e-13,3.8919456234459217e-13,0.25801076835431,0.3207206917304939,24.305157407255287,50.5051383924722,3.4827427175468766
A18,A18_R5_onlineT,24,LEFT,C3,False,8.206490928760699,4.1831785530066025e-13,3.5348393612882947e-13,1.798955264603973e-12,2.040068321318842e-12,6.502167914120429e-13,2.914469510457323e-12,0.23253377309121132,0.17327063629923575,-25.48581911528594,-348.2304285203274,-13.402949003734578
A18,A18_R5_onlineT,24,LEFT,Cz,False,8.206490928760699,4.776224466650435e-13,3.9999203103137896e-13,8.204573026692676e-13,4.878447213249523e-13,5.86181776607682e-13,7.821631739022557e-13,0.582141745964295,0.8199166938714196,40.84485429115888,-33.433553398528716,40.539901377219365
A18,A18_R5_onlineT,24,LEFT,C4,False,8.206490928760699,4.145957434272902e-13,5.936298810133531e-13,1.1447262195705373e-12,1.1411438697398958e-12,5.340123797487892e-13,2.6675948744941596e-12,0.36217895278299167,0.5202059939634613,43.63230937805363,-399.53802115019374,0.3129438086938749
A18,A18_R5_onlineT,25,LEFT,C3,False,9.211242338015236,3.892050495328452e-13,5.382795628589072e-13,1.5673534158437083e-12,1.9248155806476735e-12,1.5916313136458072e-12,1.930054635931406e-12,0.24831990385737962,0.27965253828513986,12.617850579450879,-21.26267053080294,-22.806736578395938
A18,A18_R5_onlineT,25,LEFT,Cz,False,9.211242338015236,1.7384800618949514e-12,7.114032135604705e-13,5.590706044153313e-13,6.972676102080521e-13,6.327190169954379e-13,6.64040419255055e-13,3.1095894653825185,1.0202728524105695,-67.18946781339629,-4.9502862120932365,-24.719061367435952
A18,A18_R5_onlineT,25,LEFT,C4,False,9.211242338015236,2.5494603680559063e-13,3.650745777891167e-13,8.350892658798479e-13,1.007453909832059e-12,8.75866720011204e-13,8.317007539143071e-13,0.30529195766512474,0.36237347855444235,18.69735492735463,5.0425441551577475,-20.640265776929624
A18,A18_R5_onlineT,26,RIGHT,C3,False,10.006430732568285,7.860002820186332e-13,8.207386050696347e-13,2.2183120964568236e-12,1.4560063451868891e-12,4.843984625683221e-12,2.1844849587472056e-12,0.3543235792989021,0.5636916403439759,59.08950836953867,54.903140130443866,34.36422460516352
A18,A18_R5_onlineT,26,RIGHT,Cz,False,10.006430732568285,1.129139191619845e-12,5.430317832084422e-13,8.38647761844761e-13,6.119395465597257e-13,3.2632804054477328e-12,4.868181472350889e-13,1.346380736933101,0.8873944922522538,-34.090375188103515,85.08193943669711,27.03259051050808
A18,A18_R5_onlineT,26,RIGHT,C4,False,10.006430732568285,9.309616146092775e-13,7.497043824362375e-13,8.367743720002302e-13,1.0606638972467815e-12,1.2704228449696463e-12,2.0467888219971475e-12,1.1125599035542897,0.706825587617607,-36.46853662804899,-61.11083251545674,-26.75625983995716
A18,A18_R5_onlineT,27,LEFT,C3,False,9.966673303876856,7.05723543450247e-13,8.161344608678484e-13,2.2620953674199063e-12,1.940758577393184e-12,4.442703923633489e-13,1.7337503534669556e-12,0.3119778032414164,0.42052343365864475,34.79274143527224,-290.2466568262777,14.20527156612462
A18,A18_R5_onlineT,27,LEFT,Cz,False,9.966673303876856,4.122971945523768e-13,4.3677886277659476e-13,6.90317452611215e-13,6.173679835692927e-13,3.160188038504677e-13,7.934177485593918e-13,0.5972573820824164,0.7074854453115176,18.45570545227529,-151.06662606533297,10.567524950438594
A18,A18_R5_onlineT,27,LEFT,C4,False,9.966673303876856,6.988229131327565e-13,5.539594562902953e-13,1.035633675747115e-12,1.4093794512025076e-12,3.2992263444838974e-13,7.066613858664008e-13,0.674778089490591,0.3930520313870386,-41.75091967141899,-114.1900288374864,-36.08860779713148
A18,A18_R5_onlineT,28,LEFT,C3,False,12.741744139602314,9.669070865879965e-13,2.8854153844162904e-13,2.7987264228549334e-12,2.48989163438633e-12,4.073952244378311e-12,4.746401500950828e-12,0.34548110122234493,0.11588517928120366,-66.45686873429808,-16.506066252996394,11.034833056443091
A18,A18_R5_onlineT,28,LEFT,Cz,False,12.741744139602314,3.711163534754259e-13,5.32055906388776e-13,5.200893019998199e-13,6.010644925713318e-13,4.2012460524974837e-13,4.0782201147792144e-13,0.7135627517205775,0.8851893814466738,24.05207240880522,2.9283202216907753,-15.569478214635526
A18,A18_R5_onlineT,28,LEFT,C4,False,12.741744139602314,7.064009883734515e-13,4.4463028249673845e-13,1.2906549902176587e-12,1.091084209503438e-12,1.3335780138972213e-12,1.3578555426426363e-12,0.5473197668838847,0.407512342882401,-25.54401146471734,-1.8204805787452096,15.462752031088087
A18,A18_R5_onlineT,29,RIGHT,C3,False,11.717223982949497,2.418750803856539e-13,5.31128154584908e-13,3.525421545403607e-12,2.4468906381771805e-12,5.627983752925562e-12,9.805397038945463e-13,0.06860883933185438,0.21706248178732407,216.37684575512733,82.57742475918062,30.59296295027752
A18,A18_R5_onlineT,29,RIGHT,Cz,False,11.717223982949497,1.0043638106217806e-12,8.241506627836745e-13,4.4874176642112774e-13,6.902416308446035e-13,3.282344318329684e-13,6.622516293982537e-13,2.2381776909957205,1.1940031228994625,-46.65288963861156,-101.76177913451187,-53.817113202883135
A18,A18_R5_onlineT,29,RIGHT,C4,False,11.717223982949497,6.340444061077546e-13,4.708702188273656e-13,1.416418042824052e-12,1.4677163936390193e-12,2.184592854474408e-12,1.896341092828958e-12,0.44763931758705783,0.32081825948669945,-28.331081099839704,13.194758970993734,-3.6216956621569762
A18,A18_R5_onlineT,30,LEFT,C3,False,9.99876606668294,7.261543727435579e-13,5.282600229031518e-13,1.7930487535800015e-12,1.5498912443167876e-12,5.591492974888522e-13,3.315596724532091e-12,0.40498306099804476,0.34083683280372085,-15.839237334085341,-492.9716337698151,13.56112089968137
A18,A18_R5_onlineT,30,LEFT,Cz,False,9.99876606668294,4.696755862047318e-13,6.324812608816965e-13,5.243485077990202e-13,6.49541606935559e-13,1.09342596903186e-12,4.0730874636936105e-13,0.8957317112929705,0.9737347910100006,8.708308384486497,62.74930741493182,-23.875933138828465
A18,A18_R5_onlineT,30,LEFT,C4,False,9.99876606668294,1.1957099737960232e-12,6.09783269202684e-13,9.59198206128572e-13,8.781312857167106e-13,3.970393221485113e-13,9.941263390305348e-13,1.2465723623713167,0.6944101401705474,-44.294438002011205,-150.38485700886952,8.451529610241483
A18,A18_R5_onlineT,31,RIGHT,C3,False,7.39631994758086,9.371005307468333e-13,7.340603383922694e-13,1.0242763852436085e-12,1.2288098455674723e-12,9.779229001603474e-13,7.16102612213502e-13,0.9148903013359605,0.5973750463020384,-34.70528155892277,26.773101223410908,-19.968581065668
A18,A18_R5_onlineT,31,RIGHT,Cz,False,7.39631994758086,4.244975682826971e-13,4.663227546468044e-13,8.874287764338488e-13,6.206735234266457e-13,2.929754732029951e-13,4.2274978860519465e-13,0.47834550733023273,0.751317298138168,57.06582096515549,-44.29528314552198,30.059342235797757
A18,A18_R5_onlineT,31,RIGHT,C4,False,7.39631994758086,6.846278376292095e-13,5.210354124127498e-13,1.0221073239379468e-12,8.916925916771442e-13,6.353762446977128e-13,1.6347081809535032e-12,0.6698199118576846,0.5843217912495582,-12.764344429684867,-157.28191675331416,12.759397101113048
A18,A18_R5_onlineT,32,LEFT,C3,False,8.53350957936791,5.247075720394269e-13,9.60063976261474e-13,1.2223658216573268e-12,1.4575007979381284e-12,6.864342073516244e-13,2.4320816663969852e-12,0.42925576185368947,0.6587056265215363,53.452949280632865,-254.30659491466122,-19.236056188318262
A18,A18_R5_onlineT,32,LEFT,Cz,False,8.53350957936791,5.839360726292109e-13,7.518357306033411e-13,7.566162910851067e-13,6.776357306551859e-13,2.4258995237018977e-13,5.726111974501091e-13,0.7717730631886801,1.1094983581760267,43.75966344199562,-136.04077244564127,10.43865448847926
A18,A18_R5_onlineT,32,LEFT,C4,False,8.53350957936791,3.8051951175676767e-13,5.294420960199892e-13,7.791968982998005e-13,1.0587148506939286e-12,4.874623925391358e-13,8.125955621314017e-13,0.48834833992160037,0.5000799749554561,2.4023087773246274,-66.69912891098828,-35.872569950423745
A18,A18_R5_onlineT,33,RIGHT,C3,False,7.608958683782478,5.005297976393327e-13,2.1273983244553545e-13,1.5063912151904485e-12,1.13606842029967e-12,2.915550844477595e-13,4.505368904701875e-13,0.33227078901681745,0.18725970077525728,-43.64244256037223,-54.52890877329707,24.583440951888424
A18,A18_R5_onlineT,33,RIGHT,Cz,False,7.608958683782478,4.5213518889315156e-13,2.6425562296310614e-13,5.426477353678114e-13,5.456265816397298e-13,5.847217026155041e-13,6.560086924063888e-13,0.8332020193297044,0.48431588902607886,-41.87293383953846,-12.191610038076677,-0.5489465960637048
A18,A18_R5_onlineT,33,RIGHT,C4,False,7.608958683782478,4.272846937281452e-13,3.008004782248166e-13,1.3817558525683978e-12,8.395026262305386e-13,7.031909352556767e-13,6.047210788288008e-13,0.30923313473499064,0.3583079657242344,15.869848821763663,14.003288650339718,39.24377995793706
A18,A18_R5_onlineT,34,RIGHT,C3,False,8.169702966734265,5.552200779093578e-13,4.725310998817932e-13,1.0916142597945833e-12,1.2318131060556943e-12,3.2270251128148245e-13,6.104235650748529e-13,0.5086229617537585,0.38360616359640237,-24.579464074191957,-89.15984342693916,-12.84325896287698
A18,A18_R5_onlineT,34,RIGHT,Cz,False,8.169702966734265,5.884414443747523e-13,9.77674076446262e-13,6.419465804973383e-13,4.2200776809617624e-13,4.4111838582857587e-13,5.424674519637081e-13,0.9166517312373037,2.31672056857363,152.73727083311155,-22.975479914482136,34.26123280083022
A18,A18_R5_onlineT,34,RIGHT,C4,False,8.169702966734265,6.671045032721081e-13,4.576454168716113e-13,6.650649347613586e-13,7.989146674250131e-13,5.603251955714211e-13,8.142812766128406e-13,1.003066720863101,0.5728339152248276,-42.89174355900017,-45.322980841943846,-20.125814137484642
A18,A18_R5_onlineT,35,RIGHT,C3,False,11.219274288800202,6.673024026785266e-13,5.998360887003549e-13,1.5655496188663432e-12,1.1243293542712052e-12,5.050282753582269e-13,3.369669592919463e-13,0.4262416180470462,0.5335056728899257,25.165082502816578,33.277605287955666,28.183090416172025
A18,A18_R5_onlineT,35,RIGHT,Cz,False,11.219274288800202,3.7302127850382155e-13,5.431320747924251e-13,4.660678320200591e-13,4.708718502358129e-13,8.748138301267202e-13,3.4839888623542207e-13,0.8003583445934261,1.1534604893463567,44.11800628283608,60.174510937377946,-1.0307551574481943
A18,A18_R5_onlineT,35,RIGHT,C4,False,11.219274288800202,5.604242294966042e-13,3.410755862686757e-13,1.1124626510224655e-12,8.33184428843128e-13,2.6110762035271694e-13,4.984295014505614e-13,0.5037690289930342,0.409363850861036,-18.739774122419025,-90.89044616057488,25.104503231875032
A18,A18_R5_onlineT,36,LEFT,C3,False,10.202241238289787,5.851217685235425e-13,6.495952356598699e-13,1.1137060012326298e-12,1.4198204278165736e-12,5.624068354207674e-13,1.1227554396081863e-12,0.5253826125350319,0.45751929112530776,-12.916933257892909,-99.6340316113319,-27.486107307057857
A18,A18_R5_onlineT,36,LEFT,Cz,False,10.202241238289787,3.5198158371624433e-13,1.034361353783577e-12,4.058487875971655e-13,4.0821041201262555e-13,4.1189240048482204e-13,6.488271096408042e-13,0.8672727244059473,2.5338926282742276,192.16791407914494,-57.52344759871651,-0.5818976149817017
A18,A18_R5_onlineT,36,LEFT,C4,False,10.202241238289787,5.971421607642103e-13,6.48348725991748e-13,6.98340775493844e-13,1.1557606018771188e-12,3.006320383555826e-13,3.9536539679656125e-13,0.855087060242087,0.5609714718936931,-34.395981651871296,-31.51139810618907,-65.50094773712767
A18,A18_R5_onlineT,37,RIGHT,C3,False,7.528297388984461,4.2198859483356823e-13,6.199089164676186e-13,9.593314218853192e-13,9.36149344797084e-13,5.573501606453361e-13,3.0268511886648545e-13,0.4398777994827462,0.6621901942387062,50.539580542000046,45.6921087963773,2.416482621060896
A18,A18_R5_onlineT,37,RIGHT,Cz,False,7.528297388984461,3.9182833656104924e-13,2.995248442543996e-13,3.401845070514085e-13,4.544857758618879e-13,2.400684361899714e-13,6.88928699128416e-13,1.151811233137188,0.6590411849224104,-42.78218809106592,-186.97179440251432,-33.59978671609705
A18,A18_R5_onlineT,37,RIGHT,C4,False,7.528297388984461,5.027429321399731e-13,6.919366162858972e-13,8.597895254919623e-13,6.771552131408553e-13,6.041426605370029e-13,4.773295423465839e-13,0.5847279098361998,1.021828678061092,74.75284843977045,20.990591539703374,21.24174660613661
A18,A18_R5_onlineT,38,LEFT,C3,False,7.475719291457078,5.700494168507387e-13,3.9537615291491736e-13,1.0427992411309048e-12,1.0029317085406754e-12,1.1434110356466516e-12,5.402320349661897e-13,0.5466530798704131,0.39422041356157034,-27.88471736864223,52.752595687458665,3.8231263523929564
A18,A18_R5_onlineT,38,LEFT,Cz,False,7.475719291457078,6.986149428020029e-13,4.377202185188267e-13,8.247809425324291e-13,5.860433948680676e-13,4.3462072546766263e-13,4.874911508271877e-13,0.8470308984794886,0.7469075197364318,-11.82051078925091,-12.164727142875021,28.94557031486875
A18,A18_R5_onlineT,38,LEFT,C4,False,7.475719291457078,3.6713978687756867e-13,2.787596881320455e-13,8.344365381866899e-13,9.410450054996642e-13,7.681077077116638e-13,4.224343778424388e-13,0.43998527158865597,0.29622354563587866,-32.67421326029766,45.0032367073949,-12.776102487631317
A18,A18_R5_onlineT,39,LEFT,C3,False,9.24882363865149,1.0133283628090185e-12,5.422563285375912e-13,1.1098115659271181e-12,1.5757862091345665e-12,3.5456240897461917e-13,2.028085261791584e-12,0.9130634370011281,0.3441179554651658,-62.311714441727155,-471.99669520994297,-41.98682528760465
A18,A18_R5_onlineT,39,LEFT,Cz,False,9.24882363865149,1.596738662087541e-13,5.697165380958958e-13,5.212615947898273e-13,4.890844347496858e-13,2.159461669391959e-13,5.560394799943958e-13,0.3063219462257422,1.1648633602242477,280.2742097250219,-157.48985864192727,6.172938954598285
A18,A18_R5_onlineT,39,LEFT,C4,False,9.24882363865149,4.3725144655250973e-13,5.889050072675754e-13,6.889465148706807e-13,8.699312068126084e-13,2.769920809110806e-13,6.656114974420714e-13,0.6346667515033215,0.6769558358818955,6.66319517737532,-140.29982924159643,-26.269773928082014
A18,A18_R5_onlineT,40,RIGHT,C3,False,8.089260645389949,3.049345305132657e-13,3.530127258497467e-13,8.686202834900589e-13,1.1441104711099737e-12,9.670173116280504e-13,6.375223244913964e-13,0.3510561937237511,0.30854776244401194,-12.10872562276721,34.07332869583514,-31.715836350610356
A18,A18_R5_onlineT,40,RIGHT,Cz,False,8.089260645389949,7.4655451509874e-13,7.017054153271101e-13,5.545261990814617e-13,4.1098289225194636e-13,3.617991390008674e-13,4.861052553295843e-13,1.3462925941738395,1.707383515362827,26.82113254961289,-34.35777007982843,25.8857574389246
A18,A18_R5_onlineT,40,RIGHT,C4,False,8.089260645389949,6.199386393638189e-13,3.8407472141741963e-13,8.293346157047524e-13,8.577414277942159e-13,1.0916604703825365e-12,7.702121840563605e-13,0.7475132806762287,0.4477744795481238,-40.09812385633468,29.445811682961736,-3.4252533961004215
A18,A18_R6_onlineT,1,LEFT,C3,False,7.336351309775489,4.4555931947744207e-13,4.592443190809779e-13,2.306951860326482e-12,2.761959651490566e-12,8.005179694476006e-13,1.0765250288836728e-12,0.1931376753628427,0.16627481101439492,-13.908660906258305,-34.478558879388004,-19.7233327226729
A18,A18_R6_onlineT,1,LEFT,Cz,False,7.336351309775489,5.705398214462534e-13,3.789847486876354e-13,7.00863048434975e-13,7.872511461235803e-13,8.157011577446369e-13,4.616735237253361e-13,0.8140532201266238,0.4814026001152922,-40.86349783857973,43.4016343679302,-12.325959812192922
A18,A18_R6_onlineT,1,LEFT,C4,False,7.336351309775489,4.584657806593916e-13,5.851087536852378e-13,1.3545015402928574e-12,1.2928145990780869e-12,5.517442670013946e-13,4.3204304711957994e-13,0.338475643638077,0.4525851998441865,33.712782101427614,21.695054582508618,4.5542171330003205
A18,A18_R6_onlineT,2,LEFT,C3,False,9.467457048158359,4.71642839293957e-13,7.030763544690813e-13,2.636188740718992e-12,2.2836467817209346e-12,6.000685044466211e-13,9.879764570382124e-13,0.17891087690683388,0.3078743876227871,72.08254352423177,-64.64394476915886,13.373168375717489
A18,A18_R6_onlineT,2,LEFT,Cz,False,9.467457048158359,3.1541397743784615e-13,5.154310698854641e-13,6.067169748352369e-13,6.411852048602696e-13,2.077275092631532e-13,7.686232067339654e-13,0.5198700391125558,0.8038723694471233,54.62948601911618,-270.01512676891474,-5.681105268958902
A18,A18_R6_onlineT,2,LEFT,C4,False,9.467457048158359,2.580055002849111e-13,7.443158355003761e-13,1.2017081471324509e-12,1.2489557754575851e-12,3.66934157630615e-13,5.913151490737912e-13,0.21469896904716088,0.5959505133219614,177.5749301297551,-61.150205500643516,-3.9317057505083786
A18,A18_R6_onlineT,3,RIGHT,C3,False,10.737492176549834,7.983104848341989e-13,3.602014823230321e-13,1.8044150001364953e-12,3.4021717838758677e-12,5.339948487785939e-13,2.1257657775520696e-12,0.4424206652980664,0.1058739843855499,-76.06938538591528,-298.0873190845066,-88.54707944782713
A18,A18_R6_onlineT,3,RIGHT,Cz,False,10.737492176549834,5.977871977117488e-13,6.198299890853367e-13,4.1781995713586455e-13,7.886379231718521e-13,6.305525265723512e-13,2.493477121957607e-13,1.4307291633687174,0.7859500169512765,-45.06647120404527,60.455679473492694,-88.75065915422677
A18,A18_R6_onlineT,3,RIGHT,C4,False,10.737492176549834,6.323572248430861e-13,4.0131069349605084e-13,8.628947248731896e-13,1.5289454941117652e-12,5.027271985484602e-13,3.7714422009291145e-12,0.7328324146795738,0.2624754741366308,-64.18342463039158,-650.196570191252,-77.18795237002497
A18,A18_R6_onlineT,4,RIGHT,C3,False,12.116339826510313,1.7999393806268123e-12,6.99313328944185e-13,2.794491148113747e-12,2.9228839448367928e-12,2.6887393113405966e-12,3.3625841579012962e-12,0.6441027311329123,0.23925456574473508,-62.85459536494896,-25.06173966804996,-4.594496454558802
A18,A18_R6_onlineT,4,RIGHT,Cz,False,12.116339826510313,1.282987444420114e-12,6.598221951208208e-13,1.0128005902606456e-12,6.042630555296022e-13,4.953495801883677e-13,2.281922791156574e-13,1.2667720149036794,1.0919452862173151,-13.800962338093445,53.93308317150845,40.3374108052115
A18,A18_R6_onlineT,4,RIGHT,C4,False,12.116339826510313,2.3367061321502003e-12,4.2159542278249107e-13,1.3464706183807997e-12,1.7883677565423638e-12,1.1767250068577513e-12,3.050232546753126e-12,1.7354304655828359,0.23574313573937672,-86.4158696983458,-159.21370999824893,-32.8189217149772
A18,A18_R6_onlineT,5,RIGHT,C3,False,10.620038544077453,4.63953570224891e-13,6.080552710787998e-13,2.9282855021467135e-12,3.142524267356672e-12,8.956751744838655e-13,5.5491709363252295e-12,0.15843863922584348,0.1934926254651533,22.12464485342036,-519.5517185706246,-7.316184335608707
A18,A18_R6_onlineT,5,RIGHT,Cz,False,10.620038544077453,5.87394825995596e-13,3.620171798442224e-13,5.422963386368694e-13,8.022374429705635e-13,5.642110890915419e-13,4.584150973516155e-13,1.0831620723681952,0.4512593908652876,-58.3387008853932,18.75113654895947,-47.933405744005015
A18,A18_R6_onlineT,5,RIGHT,C4,False,10.620038544077453,4.4623938068120627e-13,4.642361869954008e-13,1.3702198900416192e-12,1.2201821374037314e-12,5.563469581561555e-13,4.448258848340316e-12,0.32566990446157673,0.38046466405678525,16.825245085449193,-699.547617386591,10.949903276716451
A18,A18_R6_onlineT,6,LEFT,C3,False,12.994817553065369,9.057987071260381e-13,8.297693548872952e-13,2.546666588671663e-12,3.2482828850333834e-12,2.1868957825226146e-12,5.08297119638469e-12,0.3556801314923997,0.2554486121607501,-28.180241305885644,-132.42859751283677,-27.55037897315338
A18,A18_R6_onlineT,6,LEFT,Cz,False,12.994817553065369,9.1079940654811e-13,6.822155431583251e-13,6.631682216657826e-13,6.200375073926105e-13,9.065158435453272e-13,4.2187228546567086e-13,1.3734062893730248,1.1002810878767422,-19.88670094273176,53.462227001377656,6.503736588106399
A18,A18_R6_onlineT,6,LEFT,C4,False,12.994817553065369,7.475302966523709e-13,8.188562817950414e-13,1.9743434292215997e-12,1.3960455903140965e-12,2.312700568594068e-12,1.1888994166698025e-12,0.37862222224787434,0.5865541121839773,54.91803642734295,48.59259201927054,29.290640642773155
A18,A18_R6_onlineT,7,RIGHT,C3,False,11.424686159977538,3.6457156116024834e-13,8.298668294567101e-13,2.20273601177142e-12,1.661106781474843e-12,1.0379347405375998e-12,1.2748034666804393e-12,0.1655085126914792,0.49958668443933396,201.849540132478,-22.821157910193183,24.588930648162588
A18,A18_R6_onlineT,7,RIGHT,Cz,False,11.424686159977538,4.501712719769866e-13,1.0238652459585074e-12,6.966457555157493e-13,6.05696822366321e-13,7.096864718638141e-13,4.496398719780047e-13,0.6461982555878925,1.690392302139702,161.59035366039978,36.64246257968847,13.055262653842759
A18,A18_R6_onlineT,7,RIGHT,C4,False,11.424686159977538,4.908505904627318e-13,5.968996061404037e-13,1.0300634967496955e-12,1.137653847901181e-12,1.0402801412685256e-12,3.357251910596374e-12,0.476524594854183,0.5246759436023564,10.104693287217986,-222.72575217119066,-10.445021252668447
A18,A18_R6_onlineT,8,LEFT,C3,False,8.841598245957902,8.049418986569357e-13,7.882887423325337e-13,2.1832099883281935e-12,2.2755744865023208e-12,7.9959018306923e-13,1.5002138228404464e-12,0.36869650787615027,0.34641306931867366,-6.04384312882125,-87.62284162642791,-4.230674038132993
A18,A18_R6_onlineT,8,LEFT,Cz,False,8.841598245957902,5.999825142132053e-13,5.55887047641724e-13,5.443826459472749e-13,6.323073512678287e-13,5.490494899698927e-13,3.2995234776588823e-13,1.1021337999656136,0.8791405738477093,-20.23286338962308,39.90480752764541,-16.15126896037564
A18,A18_R6_onlineT,8,LEFT,C4,False,8.841598245957902,6.842463805536958e-13,4.787505849318836e-13,1.412557363624609e-12,1.305742138419168e-12,6.785220945860962e-13,8.305310252461142e-13,0.48440254404814115,0.3666501760535169,-24.308783973463548,-22.402944852185627,7.561832740820821
A18,A18_R6_onlineT,9,LEFT,C3,False,9.914925318057955,4.447550266110711e-13,4.18292052588409e-13,2.317570212281544e-12,2.0742040121608815e-12,1.4916509007686206e-12,5.3489319503147214e-12,0.191905740009158,0.2016638913703755,5.084866852211831,-258.5914068471728,10.500920266880685
A18,A18_R6_onlineT,9,LEFT,Cz,False,9.914925318057955,5.722199178070883e-13,5.259505467070949e-13,5.213701141266708e-13,5.791595455693065e-13,3.099415807544786e-13,8.750748737214706e-13,1.0975311056438175,0.9081272176738314,-17.25726833581457,-182.33542320824145,-11.084147302811328
A18,A18_R6_onlineT,9,LEFT,C4,False,9.914925318057955,6.487138876271794e-13,3.7059741238709174e-13,1.4773120103328503e-12,1.3119677407482706e-12,1.2091064506179401e-12,1.2638940119660192e-12,0.4391177240080915,0.2824744853678524,-35.6722651070565,-4.5312438222522715,11.19223755226401
A18,A18_R6_onlineT,10,RIGHT,C3,False,11.224698180647255,4.992257547662664e-13,4.246531511120567e-13,2.6789800704535e-12,2.2486932960330987e-12,4.9198407323196584e-12,8.877581776660625e-13,0.18634918574879772,0.18884440659879398,1.3390028188048355,81.95555047475098,16.061589228155846
A18,A18_R6_onlineT,10,RIGHT,Cz,False,11.224698180647255,1.0705733792377237e-12,5.76798069499142e-13,7.268885399341808e-13,7.230869266383883e-13,1.0887818519340888e-12,4.343835352856253e-13,1.4728164229066856,0.7976884220278477,-45.83924991455724,60.10371273970119,0.5229981058907299
A18,A18_R6_onlineT,10,RIGHT,C4,False,11.224698180647255,4.933168190754903e-13,3.499075566735221e-13,1.002612455755126e-12,1.4734342921539911e-12,1.587971805354098e-12,1.4142968411364967e-12,0.4920314087898944,0.23747754381499944,-51.73528771282032,10.936904775766711,-46.95950401336893
A18,A18_R6_onlineT,11,RIGHT,C3,False,9.655568085801702,7.349965361151929e-13,9.256017119274624e-13,2.9979801486403196e-12,2.8874445165946594e-12,5.706753862660404e-12,3.840576547856573e-12,0.24516391025755707,0.32056086501675235,30.75369236850031,32.7012056190881,3.687003467844566
A18,A18_R6_onlineT,11,RIGHT,Cz,False,9.655568085801702,7.869184156344593e-13,5.945197691053113e-13,1.3493433611989478e-12,8.232974518108184e-13,5.945954072720153e-13,3.129995175017296e-13,0.5831861913451366,0.7221202589631276,23.823277999353063,47.35924400463143,38.98532608636513
A18,A18_R6_onlineT,11,RIGHT,C4,False,9.655568085801702,8.269081390556005e-13,9.818308770954345e-13,2.1517312375393865e-12,1.8130148651135441e-12,1.9428517704473726e-12,1.2130451090177513e-12,0.38429898893934905,0.5415459608125965,40.917872906000426,37.56368203332216,15.741574343326521
A18,A18_R6_onlineT,12,LEFT,C3,False,14.696008990617033,6.495226291658934e-13,3.4384886317373936e-13,2.285164956906005e-12,2.2945769116294283e-12,4.905795697412033e-12,5.47637272152184e-12,0.2842344607127677,0.14985283841698072,-47.27844117099718,-11.630672357815575,-0.41187200490623277
A18,A18_R6_onlineT,12,LEFT,Cz,False,14.696008990617033,1.843641428910224e-12,3.635795477532461e-13,6.379135192313976e-13,6.116419552378345e-13,4.196911090228298e-13,4.767195003777484e-13,2.890111862077435,0.59443199512347,-79.43221496291193,-13.588181910190636,4.118358241602544
A18,A18_R6_onlineT,12,LEFT,C4,False,14.696008990617033,4.758659210257467e-13,5.064506308926054e-13,1.4038083596310088e-12,1.0574401967067873e-12,4.543202335310688e-12,2.7689209945066827e-12,0.3389821108850129,0.47894021096404066,41.28775400968087,39.05353998904983,24.67346490337644
A18,A18_R6_onlineT,13,RIGHT,C3,False,10.112311946117078,5.674651360931379e-13,4.5234827293562593e-13,1.9842138040894144e-12,1.3616555792990315e-12,2.8538335364690868e-12,2.1489427574432328e-12,0.28598991445559274,0.33220461900394144,16.159557457234985,24.699786095371984,31.3755616207944
A18,A18_R6_onlineT,13,RIGHT,Cz,False,10.112311946117078,5.266847117639042e-13,6.17033097638292e-13,9.15377587294441e-13,5.482298551441312e-13,6.078130208622293e-12,3.4213860746457124e-13,0.575374270764716,1.1255007217293416,95.61193103637842,94.37098917395318,40.108883726930586
A18,A18_R6_onlineT,13,RIGHT,C4,False,10.112311946117078,5.13877543808798e-13,3.2399772974072863e-13,1.544104122563705e-12,1.2935034628388741e-12,3.796632162002838e-12,2.26862883612365e-12,0.3327998004147528,0.2504807594636394,-24.735303581469417,40.24628303925867,16.229518208186235
A18,A18_R6_onlineT,14,LEFT,C3,False,9.802426989874853,7.593074354033311e-13,4.3512507487072775e-13,2.7612391346318033e-12,1.8028653097245753e-12,1.3125353859738616e-12,2.954132674092365e-12,0.2749879305562503,0.24135195930815379,-12.23179911207634,-125.07070709567863,34.7081066933749
A18,A18_R6_onlineT,14,LEFT,Cz,False,9.802426989874853,8.118228020497476e-13,4.1871867978778404e-13,6.450703073622297e-13,4.860955987853121e-13,2.8270747948476393e-13,3.854637883509342e-13,1.2585028217612262,0.8613916292064894,-31.55425523790205,-36.347219767034204,24.64455529304772
A18,A18_R6_onlineT,14,LEFT,C4,False,9.802426989874853,6.397298427995544e-13,3.8719030594488583e-13,1.8148360976511325e-12,1.2951882351899237e-12,1.3121596254007974e-12,1.2810679882078024e-12,0.35250006522767,0.29894519995242935,-15.192866770294373,2.3695011331794396,28.633321936552154
A18,A18_R6_onlineT,15,LEFT,C3,False,8.533966629141709,3.483062330322422e-13,3.6849308807207955e-13,1.5557198530816033e-12,1.862614776304358e-12,9.83956417927044e-13,3.490600773048004e-12,0.2238875028446219,0.19783644624746952,-11.635779695676817,-254.75156312327812,-19.72687580060449
A18,A18_R6_onlineT,15,LEFT,Cz,False,8.533966629141709,1.3087125844248434e-12,4.3702722424405595e-13,5.916761385417428e-13,5.828054078711191e-13,6.839730295245462e-13,7.554015609394948e-13,2.2118731839521595,0.749868169275292,-66.09804871654383,-10.443179530719377,1.499254421935392
A18,A18_R6_onlineT,15,LEFT,C4,False,8.533966629141709,5.035811774870591e-13,3.392371805092653e-13,1.1326510043492591e-12,1.3178058417830237e-12,1.4084059120401127e-12,1.7373792373599589e-12,0.44460400913729037,0.25742576770662134,-42.099989560118836,-23.357848934567425,-16.347033351207898
A18,A18_R6_onlineT,16,LEFT,C3,False,9.025265102031728,6.138456376069761e-13,5.846410089089818e-13,1.6803457908578813e-12,1.778249107886793e-12,7.277061745558587e-13,2.6742572487229123e-12,0.36530911729399707,0.32877340205937067,-10.001314915231866,-267.49135052414437,-5.826379163239269
A18,A18_R6_onlineT,16,LEFT,Cz,False,9.025265102031728,5.861215348490646e-13,5.3566739796757e-13,7.21811179706799e-13,4.877234634329955e-13,4.793086361966088e-13,6.648901674091805e-13,0.8120150412288547,1.0983014723079059,35.25629656389154,-38.71858698086289,32.430602746952516
A18,A18_R6_onlineT,16,LEFT,C4,False,9.025265102031728,1.1322761498638822e-12,6.301606281775618e-13,8.817007289167351e-13,1.3645565216834206e-12,9.507104431181366e-13,2.6454090142520768e-12,1.2841955470026731,0.461806175240105,-64.03926362165281,-178.2560172133667,-54.76413673377883
A18,A18_R6_onlineT,17,RIGHT,C3,False,8.051458931561186,6.276035832797945e-13,6.324611726813362e-13,1.1076614379633574e-12,1.4251956645510777e-12,1.1036620171871468e-12,1.2356930666763231e-12,0.5666023585995383,0.4437714683061116,-21.678499644270072,-11.962996590720584,-28.6670832534864
A18,A18_R6_onlineT,17,RIGHT,Cz,False,8.051458931561186,8.903521080394331e-13,8.713631224008749e-13,8.294341512453969e-13,7.430802910545239e-13,7.693911064962899e-13,5.530099643798851e-13,1.0734451996009182,1.1726365682022082,9.240468785753292,28.123686417663087,10.41117731422229
A18,A18_R6_onlineT,17,RIGHT,C4,False,8.051458931561186,5.275406635091038e-13,5.931912429498673e-13,1.2213799886515257e-12,1.1490283925128364e-12,2.3948858320734938e-12,1.529507211656004e-12,0.4319218166424515,0.5162546433274846,19.52502129681598,36.13444151816809,5.923758110575371
A18,A18_R6_onlineT,18,LEFT,C3,False,14.719001441544284,1.224689669789981e-12,5.167566201642718e-13,2.246868127854528e-12,2.141873741294539e-12,7.329317059477606e-13,2.0518576997045176e-12,0.545065219719594,0.24126381037378347,-55.73670789380023,-179.9520996367925,4.672921621806309
A18,A18_R6_onlineT,18,LEFT,Cz,False,14.719001441544284,9.406636835502975e-13,6.400346630617811e-13,7.605901716822903e-13,5.096421377477719e-13,1.3583264877137251e-12,4.487471297706853e-13,1.2367549812926408,1.2558511466305442,1.5440540468205188,66.96323499323078,32.99385704386188
A18,A18_R6_onlineT,18,LEFT,C4,False,14.719001441544284,1.3283235028548803e-12,5.084665119823542e-13,1.1397742042350077e-12,1.374494512359639e-12,5.50282342979514e-13,6.872491792683746e-13,1.165426887114385,0.3699298232260334,-68.2579982222664,-24.890283694594153,-20.593579610109746
A18,A18_R6_onlineT,19,LEFT,C3,False,9.043033204805022,3.0154735492169854e-13,5.177291318773406e-13,1.8160977363690708e-12,1.3928124242315916e-12,1.6435041265632653e-12,4.2322327592031907e-13,0.16604136929578636,0.37171490063564694,123.8688479938234,74.2487244735234,23.307408167566727
A18,A18_R6_onlineT,19,LEFT,Cz,False,9.043033204805022,1.5186269769993875e-12,5.333954386510499e-13,4.62264847587566e-13,6.373567303109446e-13,4.3477177691460933e-13,4.673571407551671e-13,3.2851881014199695,0.8368868065311313,-74.52545240348945,-7.494820402511454,-37.87696244634117
A18,A18_R6_onlineT,19,LEFT,C4,False,9.043033204805022,3.296794023078838e-13,3.5438397402717933e-13,1.3199973299137116e-12,9.343760027618192e-13,1.0269699789420393e-12,3.2926037708976293e-13,0.24975762816841077,0.37927341132445047,51.85658756685007,67.93865606188805,29.21379599889801
A18,A18_R6_onlineT,20,RIGHT,C3,False,7.5414280450684,4.010879686957213e-13,6.459171674762805e-13,1.163681580395118e-12,1.3626499906462009e-12,7.386392326131251e-13,1.8052476191612154e-12,0.3446715797972289,0.47401546391966093,37.526704174021354,-144.4018053000909,-17.098183352143884
A18,A18_R6_onlineT,20,RIGHT,Cz,False,7.5414280450684,4.111887138768852e-13,3.0512597196763265e-13,5.205803050715074e-13,5.724897275386491e-13,5.621350110291685e-13,4.4004321209149526e-13,0.7898660588406315,0.5329806934344222,-32.52264893914629,21.71930168771111,-9.97145338796698
A18,A18_R6_onlineT,20,RIGHT,C4,False,7.5414280450684,2.664487130078875e-13,6.72704078418375e-13,1.1077685810139022e-12,1.5854507331448108e-12,3.426842921752341e-13,3.8211025055109165e-12,0.2405274148180085,0.42429831741541224,76.40330842804396,-1015.050380995277,-43.12111395086713
A18,A18_R6_onlineT,21,RIGHT,C3,False,9.043380848527603,4.1830470489955054e-13,6.660788185241526e-13,1.340888851194543e-12,1.2420269824482278e-12,6.803351889972806e-13,1.3593766237572008e-12,0.311960759854853,0.5362836942650053,71.90742018788639,-99.80983576062454,7.3728608197646786
A18,A18_R6_onlineT,21,RIGHT,Cz,False,9.043380848527603,9.237080695880687e-13,4.3498304317014606e-13,6.677999943910255e-13,4.733551812564982e-13,6.292984215986887e-13,3.4064065334072624e-13,1.3832106579012609,0.9189358443600529,-33.565011293771406,45.86977471271063,29.117222936164268
A18,A18_R6_onlineT,21,RIGHT,C4,False,9.043380848527603,1.7476229381811206e-13,6.421015918193732e-13,1.0614768330494363e-12,1.2060656986543648e-12,5.685460891114658e-13,2.843689708588235e-12,0.16464070470200534,0.5323935441790449,223.36690075680923,-400.1687221228459,-13.62148104443788
A18,A18_R6_onlineT,22,RIGHT,C3,False,7.79976250070039,6.7559907674763e-13,3.0276240110258045e-13,1.1903296299385886e-12,1.5786731501544342e-12,7.385858445786203e-13,1.0119502177735624e-12,0.5675730988755489,0.1917828279229064,-66.21002152800085,-37.011861952337114,-32.62487217392723
A18,A18_R6_onlineT,22,RIGHT,Cz,False,7.79976250070039,3.987948149987459e-13,3.2670101635260667e-13,6.476152550570396e-13,7.211381893708134e-13,4.726450151824641e-13,6.869578749356908e-13,0.6157897175594196,0.4530352450723077,-26.430203013483602,-45.343302662462534,-11.35287251800426
A18,A18_R6_onlineT,22,RIGHT,C4,False,7.79976250070039,6.170907089009349e-13,3.6617385163837105e-13,1.3610367618997474e-12,1.3366309696624082e-12,5.008997132952027e-13,1.867963520314898e-12,0.4533975320692985,0.2739528410978352,-39.57778291215676,-272.921658913792,1.793176563671459
A18,A18_R6_onlineT,23,LEFT,C3,False,6.678023656632005,5.833859442921767e-13,3.879365774735555e-13,1.165610486625721e-12,1.305256952898404e-12,8.791262677888016e-13,7.508993102384505e-13,0.5004981947108225,0.2972108875667111,-40.616991088562585,14.58572701653773,-11.98054306091051
A18,A18_R6_onlineT,23,LEFT,Cz,False,6.678023656632005,5.194883662409131e-13,3.9114453309726003e-13,6.500165407519239e-13,5.484312381989506e-13,1.0792698368294712e-12,5.661286060993701e-13,0.7991925338391869,0.713206152118139,-10.759157284413524,47.54522115039702,15.628110391692772
A18,A18_R6_onlineT,23,LEFT,C4,False,6.678023656632005,2.928605344229292e-13,3.7570183863361135e-13,1.2045853819450458e-12,1.1084760785675604e-12,1.6658467352494778e-12,5.596039721056119e-13,0.2431214414623286,0.3389354501173502,39.409937716195984,66.40723541581961,7.978621093865304
A18,A18_R6_onlineT,24,LEFT,C3,False,9.318634578269876,5.805033040146198e-13,7.048209558766097e-13,1.7377182126968292e-12,1.319573569091609e-12,3.028445537860641e-12,5.340039690273422e-13,0.3340606663227148,0.5341278215823969,59.88946782091667,82.36706051499363,24.062856713476346
A18,A18_R6_onlineT,24,LEFT,Cz,False,9.318634578269876,3.0999330207063094e-13,7.462004003265227e-13,1.0588647354465182e-12,5.084087197682719e-13,3.122211498539597e-12,3.0902122027999325e-13,0.2927600586678413,1.4677175495074792,401.33804323789843,90.10248919957739,51.985489482386214
A18,A18_R6_onlineT,24,LEFT,C4,False,9.318634578269876,4.0217154929814566e-13,7.123715257389666e-13,1.4282610936966855e-12,1.1194832619400452e-12,1.8670955544369526e-12,5.996382529399145e-13,0.2815812536468583,0.6363395952025571,125.98791182335405,67.88390120072118,21.61914464514667
A18,A18_R6_onlineT,25,RIGHT,C3,False,8.70640797462764,5.232691006116161e-13,9.459049198922987e-13,1.921692427676632e-12,1.4311425589499468e-12,5.464110103821432e-13,8.979004366084602e-13,0.2722959684262584,0.6609438828975396,142.72995546628246,-64.32692964596305,25.526971000232884
A18,A18_R6_onlineT,25,RIGHT,Cz,False,8.70640797462764,1.2206072861713519e-12,5.408680910949655e-13,6.339110396988715e-13,7.994482889598979e-13,6.615719617680686e-13,5.647655784988681e-13,1.9255182663346269,0.6765516901645363,-64.86391731549736,14.6327820499652,-26.11364038393494
A18,A18_R6_onlineT,25,RIGHT,C4,False,8.70640797462764,2.870648388158337e-13,7.283975584975579e-13,1.028170354290428e-12,1.3218713102699027e-12,7.506483021433611e-13,2.158960383664164e-12,0.2791996847778654,0.551035152089678,97.36238331647408,-187.61277118719696,-28.565398209926684
A18,A18_R6_onlineT,26,RIGHT,C3,False,8.766790083112342,6.326686812599607e-13,6.084213338105433e-13,1.7947858912682367e-12,1.7623444948015702e-12,4.07529139468807e-13,1.0126169475070039e-12,0.35250370773357403,0.34523405361733667,-2.0622915324714395,-148.477188361769,1.8075357414216515
A18,A18_R6_onlineT,26,RIGHT,Cz,False,8.766790083112342,5.878791063151553e-13,9.088713080397214e-13,4.583451905167945e-13,6.958651097189868e-13,6.777512617324969e-13,7.003061246851413e-13,1.2826121414131308,1.3061027135083025,1.8314634125707494,-3.327896859238404,-51.82118720049908
A18,A18_R6_onlineT,26,RIGHT,C4,False,8.766790083112342,3.1772075587198913e-13,6.665144346387723e-13,8.922051597107278e-13,1.5414604379706727e-12,2.208775235543009e-13,2.0643567911433256e-12,0.35610728363754485,0.4323915283328557,21.421703009297314,-834.616052337177,-72.76972915853204
A18,A18_R6_onlineT,27,RIGHT,C3,False,8.340847986366555,5.280291767393842e-13,5.718934320501457e-13,1.2296278668017444e-12,1.2933966307122815e-12,8.74662456632284e-13,6.119015852115625e-13,0.42942193406268947,0.44216400326881977,2.9672609141269763,30.041402763807955,-5.186021367293779
A18,A18_R6_onlineT,27,RIGHT,Cz,False,8.340847986366555,4.0229151963458607e-13,1.9284369278838e-13,7.398219331028148e-13,5.381949919980618e-13,7.632022445939023e-13,5.429694126593273e-13,0.5437680361102226,0.3583156581826285,-34.105053186686874,28.856418268497134,27.253441954488856
A18,A18_R6_onlineT,27,RIGHT,C4,False,8.340847986366555,5.058794781550849e-13,5.031126510243901e-13,1.1566479498990304e-12,1.1630082060545562e-12,1.0001307887954108e-12,1.4433692311342895e-12,0.4373668566993489,0.43259595968903186,-1.0908227126127648,-44.31804792978417,-0.5498869518664747
A18,A18_R6_onlineT,28,LEFT,C3,False,7.3830758257213756,7.585766318712269e-13,4.0763731788776037e-13,9.285266345462729e-13,1.92325464761124e-12,7.287040804267247e-13,1.7409783347158318e-12,0.816968090788163,0.21195181740185182,-74.05629181950385,-138.91431123815383,-107.1297231609348
A18,A18_R6_onlineT,28,LEFT,Cz,False,7.3830758257213756,4.962878490162103e-13,4.751657447069901e-13,6.050771046582685e-13,5.361104128921478e-13,8.153136187336294e-13,8.941180035856181e-13,0.820205962505391,0.8863206781297526,8.060745550106507,-9.665530299173726,11.398000558138987
A18,A18_R6_onlineT,28,LEFT,C4,False,7.3830758257213756,1.889309682996769e-13,4.874746561981434e-13,1.215289252536531e-12,1.4447315462751525e-12,8.503150315828003e-13,1.925320723525212e-12,0.15546172888910473,0.3374153886616266,117.04080552347042,-126.42440178216842,-18.87964476438293
A18,A18_R6_onlineT,29,RIGHT,C3,False,9.261225773698248,5.761382015012231e-13,7.426593631156874e-13,1.5869704665212922e-12,1.6449745977394013e-12,8.02949576210232e-13,2.8816890978432945e-12,0.36304279988533306,0.4514716301007223,24.357687370006907,-258.88792811178934,-3.6550227267465534
A18,A18_R6_onlineT,29,RIGHT,Cz,False,9.261225773698248,8.257142300389534e-13,5.46030419531768e-13,5.334456551250182e-13,5.873506088100982e-13,8.307024291254181e-13,6.356355817947558e-13,1.5478881908700506,0.9296498740981303,-39.940760606514836,23.48215684598792,-10.105050658336848
A18,A18_R6_onlineT,29,RIGHT,C4,False,9.261225773698248,4.4811790706168685e-13,1.0286889834135904e-12,1.0676468524179905e-12,1.1298113627010402e-12,1.3303892203497953e-12,3.725330239547001e-12,0.4197248425795441,0.9104962274005667,116.92693284601425,-180.0180715961838,-5.822572336747912
A18,A18_R6_onlineT,30,LEFT,C3,False,9.463292546245333,2.2692921811221303e-13,3.082282734838891e-13,1.8158819675320378e-12,1.7112609386385752e-12,1.5391873892868137e-12,5.271739273676713e-13,0.12496914566569112,0.1801176352036094,44.12968436660977,65.74985404396156,5.761444342974167
A18,A18_R6_onlineT,30,LEFT,Cz,False,9.463292546245333,5.921549710789601e-13,4.749311915736589e-13,1.171523623139647e-12,5.81404553993558e-13,4.064808709849366e-12,5.806113330729752e-13,0.5054571323897021,0.816868716131386,61.609890094812,85.71614620717314,50.37193083350621
A18,A18_R6_onlineT,30,LEFT,C4,False,9.463292546245333,5.743823081097257e-13,4.52308197722225e-13,1.6699620297356367e-12,1.3521909709253835e-12,2.641167160199218e-12,5.9656771364979e-13,0.34394932212958956,0.33450023513519245,-2.747232335244141,77.41272409260185,19.028639762579388
A18,A18_R6_onlineT,31,LEFT,C3,False,9.948577856100407,5.182309815042939e-13,6.054210457091014e-13,1.5350366730491192e-12,1.973812854458743e-12,1.3320414695701392e-12,1.8167642238184602e-12,0.33760169421549135,0.30672667083988536,-9.145399417308152,-36.3894642412856,-28.58408460939641
A18,A18_R6_onlineT,31,LEFT,Cz,False,9.948577856100407,5.917557787174954e-13,3.613267570410185e-13,1.0154835930975581e-12,6.305694970785746e-13,1.5272468935930182e-12,3.234541987126749e-13,0.5827329783954914,0.5730165488737461,-1.6673896762285103,78.82109303547425,37.90451156821444
A18,A18_R6_onlineT,31,LEFT,C4,False,9.948577856100407,9.253737251819812e-13,5.495213770332496e-13,1.052194849150495e-12,1.1248262545321161e-12,1.0707241161037352e-12,9.032997525937641e-13,0.8794699251085437,0.4885388964021195,-44.45075579567723,15.63655483162298,-6.902847456463146
A18,A18_R6_onlineT,32,LEFT,C3,False,9.525734341512926,4.175189660156692e-13,3.1629820789585147e-13,1.519284650425815e-12,2.1327239090965012e-12,3.381560647430971e-13,1.7541981085693707e-12,0.2748128640006004,0.14830715150084609,-46.033402752018894,-418.7539989566843,-40.376848308100485
A18,A18_R6_onlineT,32,LEFT,Cz,False,9.525734341512926,1.1687193755008317e-12,7.081449194201417e-13,5.83587078614583e-13,7.752735057405418e-13,9.020749675519671e-13,1.223032476193331e-12,2.0026477938396687,0.9134130267275433,-54.389731956997785,-35.579915216178975,-32.84624251465887
A18,A18_R6_onlineT,32,LEFT,C4,False,9.525734341512926,7.43446651211053e-13,4.547769890957323e-13,7.476255988004704e-13,1.6192246626614389e-12,1.105168139768164e-12,1.2704114112353055e-12,0.9944103738607636,0.28086095745863826,-71.75603102688828,-14.951867097960804,-116.582292695623
A18,A18_R6_onlineT,33,RIGHT,C3,False,8.770035172218673,5.054147343881962e-13,6.38908717563034e-13,1.0891717119046849e-12,1.5567583240965737e-12,3.776675833212847e-13,8.791186394075785e-13,0.4640358621730582,0.41040970051263986,-11.556469236944217,-132.77577378403313,-42.9304770846645
A18,A18_R6_onlineT,33,RIGHT,Cz,False,8.770035172218673,1.3324540585238312e-12,6.152841095845405e-13,3.76967507867744e-13,5.866195901892251e-13,1.8167082348989468e-12,3.10847402406738e-13,3.534665536721303,1.0488638972763749,-70.32636082877353,82.88952532743771,-55.61542518806047
A18,A18_R6_onlineT,33,RIGHT,C4,False,8.770035172218673,5.592514106505103e-13,5.194396417228822e-13,8.731097214558077e-13,1.5338889277503338e-12,6.325471805160098e-13,1.7017305084419926e-12,0.6405282141607865,0.3386422786718425,-47.13077875647865,-169.0282339182637,-75.68111888535091
A18,A18_R6_onlineT,34,LEFT,C3,False,7.784953883830507,7.635280307723998e-13,1.0415898186260874e-12,1.5967167099154308e-12,1.5009336225528607e-12,7.715757258855635e-13,9.243010171187433e-13,0.4781862844116159,0.6939612804825446,45.12362715221514,-19.793947127858623,5.9987527385269965
A18,A18_R6_onlineT,34,LEFT,Cz,False,7.784953883830507,1.021380781875973e-12,1.2401177970430045e-12,6.591036860332951e-13,5.524239531741652e-13,4.685135148100784e-13,8.47026481151462e-13,1.549651145213558,2.2448660850374584,44.862673897362406,-80.79019161161693,16.185576733937562
A18,A18_R6_onlineT,34,LEFT,C4,False,7.784953883830507,6.129720754371019e-13,7.590298563164732e-13,1.1432758111079158e-12,1.1584500535592045e-12,3.4795845458606984e-13,6.432761508576309e-13,0.5361541541258432,0.6552115509723024,22.205814490157753,-84.87153922524168,-1.3272599930705962
A18,A18_R6_onlineT,35,RIGHT,C3,False,10.566039715400395,3.098735537077114e-13,1.2339194661024012e-12,1.9978827582469826e-12,1.3101832866514295e-12,1.0809920159703296e-12,1.0834604368569127e-12,0.15510096997864184,0.9417914872476021,507.21186165198793,-0.22834774448980044,34.421412805972984
A18,A18_R6_onlineT,35,RIGHT,Cz,False,10.566039715400395,2.2837819587442337e-13,7.135936908828485e-13,5.597589986981464e-13,6.758438532282223e-13,1.2213878792349267e-12,1.8519002714378763e-12,0.4079937909092512,1.0558558570508723,158.79213864941462,-51.622617427471155,-20.73836325991346
A18,A18_R6_onlineT,35,RIGHT,C4,False,10.566039715400395,4.367185467411396e-13,1.4913038040479243e-12,1.5108395418533385e-12,1.281676168647802e-12,5.785024211842757e-13,1.4338460518367309e-12,0.2890568684781836,1.1635574106221265,302.5358112913844,-147.85480567245452,15.167949134057146
A18,A18_R6_onlineT,36,RIGHT,C3,False,8.765852444113154,5.424051846868576e-13,1.3147768588171766e-12,1.3672342157098645e-12,1.6813594816214828e-12,6.19749648303708e-13,1.4266506823066295e-12,0.3967170938632795,0.7819724890415592,97.11086341821463,-130.19790107367677,-22.975234404042855
A18,A18_R6_onlineT,36,RIGHT,Cz,False,8.765852444113154,7.752643179337782e-13,3.148424136890492e-13,7.901484123048692e-13,6.007335225364464e-13,1.7545988122289026e-12,7.115639470855998e-13,0.9811629130182341,0.5240966283348166,-46.58413792643254,59.44577517514185,23.972064844868576
A18,A18_R6_onlineT,36,RIGHT,C4,False,8.765852444113154,6.222172258873626e-13,1.08862698216555e-12,1.3712448479909813e-12,1.2771716225805492e-12,6.170909175241475e-13,1.1374302041299452e-12,0.45376084861793764,0.8523732933918143,87.84637237610261,-84.32133285861175,6.86042507640115
A18,A18_R6_onlineT,37,RIGHT,C3,False,8.95564524230877,7.485542197470525e-13,4.938531371670549e-13,9.67138041926599e-13,1.4380978805528135e-12,6.668565698438108e-13,1.2515981814126872e-12,0.773989014283717,0.34340717961229095,-55.63151759588024,-87.6862638851759,-48.69623758031823
A18,A18_R6_onlineT,37,RIGHT,Cz,False,8.95564524230877,8.846590382324167e-13,9.590431981299558e-13,7.118895729595429e-13,6.511196336504707e-13,1.0511780742323173e-12,4.2201969615365693e-13,1.2426913833765232,1.4729139601475794,18.526126426137857,59.852692279387504,8.53642778562312
A18,A18_R6_onlineT,37,RIGHT,C4,False,8.95564524230877,9.292338427673935e-13,4.5092278142795445e-13,1.0783125315623424e-12,1.1450838256407772e-12,7.324840572448433e-13,1.8393997741091793e-12,0.8617481625860806,0.3937901936354945,-54.30333237337671,-151.11806269584562,-6.192202364716229
A18,A18_R6_onlineT,38,LEFT,C3,False,9.061736144503504,2.47046657744396e-13,6.013850427898882e-13,1.3896311690207137e-12,1.7436238861482526e-12,4.771108337644582e-13,2.3546760917082874e-12,0.1777785812896613,0.34490525598291505,94.00832962039898,-393.52811235276886,-25.47386133955249
A18,A18_R6_onlineT,38,LEFT,Cz,False,9.061736144503504,8.730092711796937e-13,7.112512726031662e-13,4.064628032010508e-13,7.513982653266154e-13,3.985079664714494e-13,8.021574088176934e-13,2.147820819775906,0.9465702882531964,-55.92880562765207,-101.29018145366562,-84.86273760084939
A18,A18_R6_onlineT,38,LEFT,C4,False,9.061736144503504,2.893045615798234e-13,5.095571458424019e-13,9.166761854943563e-13,1.7122384191302174e-12,3.7354704478916793e-13,1.3879607176497996e-12,0.31560169900541674,0.2975970753542878,-5.704856376840959,-271.56249447326576,-86.78770608694504
A18,A18_R6_onlineT,39,RIGHT,C3,False,8.836975352085435,8.294545947501598e-13,6.620821072408502e-13,1.2606399851088777e-12,1.415622746049715e-12,1.477026474917712e-12,9.605445643239341e-13,0.6579631017165637,0.4676967144589797,-28.917485913905647,34.967681308661184,-12.29397470900083
A18,A18_R6_onlineT,39,RIGHT,Cz,False,8.836975352085435,5.234612254952808e-13,4.798900360720282e-13,8.118596536528378e-13,6.245798064592813e-13,5.220465333018863e-13,5.254531789587455e-13,0.6447681235790539,0.7683406205405618,19.165416595902318,-0.6525559388954325,23.068007672375344
A18,A18_R6_onlineT,39,RIGHT,C4,False,8.836975352085435,8.363800996628628e-13,5.217383472129597e-13,1.227638824341548e-12,1.4238368925608285e-12,8.444273948629131e-13,1.2462682736844235e-12,0.6812916658215503,0.36643126044767116,-46.21521459450086,-47.58738066364443,-15.981741887685292
A18,A18_R6_onlineT,40,LEFT,C3,False,7.347323569278696,3.879733170186269e-13,2.8805552873523874e-13,1.210460127221084e-12,1.7663017943292323e-12,6.276829914292176e-13,9.84591954095686e-13,0.320517221752126,0.1630839812652912,-49.11849654324871,-56.861340444130256,-45.919865892999105
A18,A18_R6_onlineT,40,LEFT,Cz,False,7.347323569278696,4.638771917417449e-13,4.4579089753824055e-13,7.358875702949168e-13,7.8385658146744e-13,9.502243793816259e-13,6.812393961052858e-13,0.6303642165824866,0.5687148747334437,-9.779955814001342,28.307522845434303,-6.518524447056349
A18,A18_R6_onlineT,40,LEFT,C4,False,7.347323569278696,3.284402447614686e-13,4.413582167562624e-13,8.562128712855972e-13,1.1741175936012106e-12,8.992548406986014e-13,5.205347835859171e-13,0.38359648140808494,0.3759063139515222,-2.004754430576139,42.11487555835331,-37.12916880568284
